frame_number,timestamp,head_pitch,head_yaw,head_roll,inBrL,otBrL,inBrR,otBrR,EyeOL,EyeOR,oLipH,iLipH,LipCDt,dicCoeff_local0,dicCoeff_local1,dicCoeff_local2,dicCoeff_local3,dicCoeff_local4,dicCoeff_local5,dicCoeff_local6,dicCoeff_local7,dicCoeff_local8,dicCoeff_local9,dicCoeff_local10,dicCoeff_local11,dicCoeff_local12,dicCoeff_local13,dicCoeff_local14,dicCoeff_local15,dicCoeff_local16,dicCoeff_local17,dicCoeff_local18,dicCoeff_local19,dicCoeff_local20,dicCoeff_local21,dicCoeff_local22,dicCoeff_local23
0,0.0,179.39,175.68,-173.36,0.5276,0.5141,0.5677,0.5451,0.1087,0.1178,0.0003,0.0002,0.073,0.000809,0.012509,0.000511,0.001081,0.012672,0.000778,0.003288,0.009298,0.000657,0.001158,0.009893,0.00076,0.0,0.0,0.0,0.0,0.0,0.0,0.0,0.0,0.0,0.0,0.0,0.0
1,0.1,179.73,174.56,-174.08,0.5336,0.5187,0.5671,0.5453,0.1265,0.1239,0.0004,0.0003,0.0694,0.000845,0.012722,0.0005,0.001103,0.012784,0.000801,0.003184,0.009589,0.000659,0.001089,0.010067,0.000789,0.0,0.0,0.0,0.0,0.0,0.0,0.0,0.0,0.0,0.0,0.0,0.0
2,0.2,178.8,177.19,-174.47,0.5424,0.531,0.5798,0.5587,0.1086,0.1174,0.0008,0.0006,0.071,0.000832,0.012732,0.000508,0.001106,0.012715,0.000842,0.003238,0.009484,0.000667,0.001082,0.010122,0.000808,0.0,0.0,0.0,0.0,0.0,0.0,0.0,0.0,0.0,0.0,0.0,0.0
3,0.3,178.23,172.6,-175.73,0.5597,0.5466,0.5901,0.5704,0.1317,0.1184,0.0007,0.0005,0.0691,0.0009,0.013284,0.000454,0.001197,0.013002,0.000761,0.003187,0.00991,0.000651,0.000994,0.010516,0.000848,0.0,0.0,0.0,0.0,0.0,0.0,0.0,0.0,0.0,0.0,0.0,0.0
4,0.4,173.6,169.54,-177.28,0.5794,0.5652,0.6025,0.585,0.1245,0.1213,0.0002,0.0001,0.0685,0.00101,0.013575,0.000523,0.001329,0.01317,0.000915,0.003225,0.01046,0.000705,0.000976,0.010813,0.000974,0.0,0.0,0.0,0.0,0.0,0.0,0.0,0.0,0.0,0.0,0.0,0.0
5,0.5,172.65,167.77,-177.7,0.6,0.586,0.6158,0.5985,0.1338,0.1204,0.0004,0.0003,0.0681,0.001135,0.013938,0.000563,0.001439,0.0137,0.000983,0.00326,0.010887,0.000757,0.000912,0.011117,0.001077,0.0,0.0,0.0,0.0,0.0,0.0,0.0,0.0,0.0,0.0,0.0,0.0
6,0.6,170.81,162.47,-178.62,0.6239,0.6079,0.6328,0.6182,0.141,0.1256,0.0001,0.0001,0.0624,0.00121,0.014079,0.000601,0.001548,0.013875,0.001011,0.003125,0.011347,0.000784,0.000844,0.011313,0.001154,0.0,0.0,0.0,0.0,0.0,0.0,0.0,0.0,0.0,0.0,0.0,0.0
7,0.7,170.39,163.0,-178.1,0.652,0.6359,0.6593,0.6425,0.1448,0.1212,0.0004,0.0003,0.0633,0.001266,0.014087,0.000525,0.001588,0.013993,0.000885,0.00322,0.011315,0.000752,0.000837,0.011212,0.001115,0.0,0.0,0.0,0.0,0.0,0.0,0.0,0.0,0.0,0.0,0.0,0.0
8,0.8,167.98,161.61,-178.26,0.6751,0.66,0.6844,0.6693,0.1522,0.1201,0.0004,0.0003,0.0635,0.001301,0.014312,0.000656,0.001675,0.013788,0.001078,0.003356,0.011384,0.000875,0.000855,0.011232,0.00131,0.0,0.0,0.0,0.0,0.0,0.0,0.0,0.0,0.0,0.0,0.0,0.0
9,0.9,164.41,163.03,-177.62,0.7012,0.6864,0.7181,0.7019,0.1465,0.1191,0.0001,0.0001,0.0594,0.001195,0.014529,0.000788,0.00158,0.013235,0.001234,0.003339,0.011105,0.000918,0.000912,0.010841,0.001377,0.0,0.0,0.0,0.0,0.0,0.0,0.0,0.0,0.0,0.0,0.0,0.0
10,1.0,165.76,158.84,-177.02,0.7169,0.7058,0.7379,0.7218,0.1462,0.1055,0.0007,0.0005,0.0602,0.001149,0.014558,0.000787,0.001704,0.013093,0.001216,0.00353,0.010701,0.00092,0.001056,0.010799,0.001383,0.0,0.0,0.0,0.0,0.0,0.0,0.0,0.0,0.0,0.0,0.0,0.0
11,1.1,163.6,159.1,-178.01,0.7259,0.7145,0.7418,0.728,0.1505,0.1134,0.0003,0.0002,0.0668,0.001226,0.014294,0.000855,0.001678,0.0132,0.001315,0.003506,0.010969,0.000952,0.000981,0.011005,0.001415,0.0,0.0,0.0,0.0,0.0,0.0,0.0,0.0,0.0,0.0,0.0,0.0
12,1.2,162.84,164.62,-176.45,0.7214,0.7146,0.7476,0.7324,0.0561,0.0985,0.0005,0.0004,0.0686,0.001213,0.01492,0.001101,0.001617,0.013204,0.001739,0.003834,0.011102,0.001175,0.001206,0.010757,0.001716,0.0,0.0,0.0,0.0,0.0,0.0,0.0,0.0,0.0,0.0,0.0,0.0
13,1.3,159.66,173.6,-172.49,0.7044,0.7031,0.742,0.7267,0.1234,0.1037,0.0005,0.0003,0.0668,0.000906,0.015993,0.001213,0.001216,0.013772,0.00197,0.003614,0.011411,0.001227,0.001317,0.011045,0.001628,0.0,0.0,0.0,0.0,0.0,0.0,0.0,0.0,0.0,0.0,0.0,0.0
14,1.4,160.11,178.66,-174.05,0.6929,0.6887,0.7259,0.7108,0.1427,0.1271,0.0,0.0,0.0686,0.000846,0.015772,0.001087,0.001103,0.013577,0.001864,0.003726,0.011321,0.00116,0.00144,0.011213,0.001443,0.0,0.0,0.0,0.0,0.0,0.0,0.0,0.0,0.0,0.0,0.0,0.0
15,1.5,162.22,-178.97,-172.56,0.6808,0.6791,0.7247,0.7075,0.1312,0.123,0.0002,0.0001,0.0713,0.000835,0.015661,0.00096,0.001061,0.01356,0.001693,0.003772,0.011059,0.001077,0.001498,0.010997,0.001274,0.0,0.0,0.0,0.0,0.0,0.0,0.0,0.0,0.0,0.0,0.0,0.0
16,1.6,164.52,-178.0,-172.16,0.6735,0.6717,0.7198,0.7014,0.1364,0.1219,0.0003,0.0002,0.0729,0.000786,0.015682,0.000906,0.001005,0.013424,0.00161,0.003744,0.010814,0.00103,0.001513,0.010948,0.00119,0.0,0.0,0.0,0.0,0.0,0.0,0.0,0.0,0.0,0.0,0.0,0.0
17,1.7,161.6,-177.3,-171.04,0.6646,0.664,0.7186,0.7005,0.1396,0.1224,0.0001,0.0,0.0701,0.000716,0.015862,0.000962,0.000968,0.013551,0.001702,0.003833,0.010905,0.00109,0.001621,0.010829,0.001267,0.0,0.0,0.0,0.0,0.0,0.0,0.0,0.0,0.0,0.0,0.0,0.0
18,1.8,161.25,-177.97,-170.42,0.6608,0.6601,0.7172,0.6988,0.145,0.113,0.0003,0.0002,0.0711,0.000678,0.015506,0.000955,0.000953,0.013434,0.001675,0.003737,0.010679,0.001068,0.001601,0.010598,0.001256,0.0,0.0,0.0,0.0,0.0,0.0,0.0,0.0,0.0,0.0,0.0,0.0
19,1.9,162.13,-178.42,-170.74,0.6584,0.6565,0.7146,0.6957,0.1357,0.1157,0.0008,0.0005,0.0723,0.00072,0.015502,0.000944,0.000972,0.013538,0.001674,0.003754,0.010706,0.001071,0.001563,0.010721,0.001234,0.0,0.0,0.0,0.0,0.0,0.0,0.0,0.0,0.0,0.0,0.0,0.0
20,2.0,162.08,-174.68,-171.14,0.6551,0.6521,0.7088,0.6895,0.1386,0.1258,0.0002,0.0001,0.078,0.000695,0.01539,0.001012,0.00091,0.013531,0.001799,0.003851,0.010809,0.001165,0.001655,0.010815,0.001246,0.0,0.0,0.0,0.0,0.0,0.0,0.0,0.0,0.0,0.0,0.0,0.0
21,2.1,163.78,-177.86,-170.62,0.6503,0.6484,0.7071,0.6874,0.1457,0.1261,0.0005,0.0004,0.0768,0.000725,0.01554,0.000965,0.000973,0.013762,0.001705,0.003865,0.010777,0.001103,0.001619,0.010862,0.001244,0.0,0.0,0.0,0.0,0.0,0.0,0.0,0.0,0.0,0.0,0.0,0.0
22,2.2,162.4,-178.49,-171.08,0.6494,0.6471,0.7031,0.6858,0.1027,0.1146,0.0002,0.0001,0.0768,0.000777,0.015952,0.001075,0.00105,0.014135,0.001873,0.00398,0.011198,0.001195,0.001575,0.011171,0.00139,0.0,0.0,0.0,0.0,0.0,0.0,0.0,0.0,0.0,0.0,0.0,0.0
23,2.3,164.13,177.16,-173.86,0.6603,0.6542,0.7005,0.6845,0.1502,0.1163,0.0002,0.0001,0.0739,0.000889,0.015985,0.000876,0.001223,0.014472,0.001528,0.003901,0.011612,0.000988,0.001409,0.011764,0.001279,0.0,0.0,0.0,0.0,0.0,0.0,0.0,0.0,0.0,0.0,0.0,0.0
24,2.4,166.5,173.82,-174.42,0.6678,0.6601,0.7021,0.6859,0.1575,0.1234,0.0002,0.0001,0.0778,0.001011,0.015534,0.000778,0.001341,0.01446,0.001354,0.003853,0.011534,0.000918,0.001284,0.0117,0.001215,0.0,0.0,0.0,0.0,0.0,0.0,0.0,0.0,0.0,0.0,0.0,0.0
25,2.5,166.92,171.91,-174.67,0.673,0.6644,0.7053,0.6892,0.1632,0.1286,0.0002,0.0002,0.0757,0.001036,0.015363,0.000742,0.001385,0.014304,0.001285,0.003842,0.011414,0.000895,0.00125,0.01158,0.00122,0.0,0.0,0.0,0.0,0.0,0.0,0.0,0.0,0.0,0.0,0.0,0.0
26,2.6,166.85,171.66,-175.51,0.6792,0.6705,0.7064,0.6904,0.1609,0.1239,0.0004,0.0003,0.0721,0.001065,0.015537,0.000769,0.001411,0.014433,0.001331,0.00385,0.011672,0.000913,0.001263,0.011878,0.001246,0.0,0.0,0.0,0.0,0.0,0.0,0.0,0.0,0.0,0.0,0.0,0.0
27,2.7,164.56,170.71,-176.63,0.6834,0.6746,0.7054,0.6914,0.1635,0.1263,0.0003,0.0002,0.073,0.00111,0.015501,0.00087,0.001441,0.01432,0.001481,0.00379,0.011868,0.000992,0.001209,0.011953,0.001367,0.0,0.0,0.0,0.0,0.0,0.0,0.0,0.0,0.0,0.0,0.0,0.0
28,2.8,164.81,169.31,-176.18,0.6914,0.6823,0.7146,0.7012,0.1601,0.1244,0.0001,0.0001,0.0718,0.001121,0.015415,0.000963,0.001456,0.014032,0.00163,0.003776,0.011571,0.001059,0.001193,0.011531,0.001439,0.0,0.0,0.0,0.0,0.0,0.0,0.0,0.0,0.0,0.0,0.0,0.0
29,2.9,162.72,170.0,-176.57,0.6974,0.69,0.7193,0.707,0.1561,0.1305,0.0002,0.0001,0.074,0.001069,0.015371,0.00094,0.001412,0.013958,0.001574,0.003793,0.011654,0.001031,0.001245,0.011686,0.001401,0.0,0.0,0.0,0.0,0.0,0.0,0.0,0.0,0.0,0.0,0.0,0.0
30,3.0,163.63,170.66,-176.37,0.7036,0.6969,0.729,0.7164,0.1609,0.1237,0.0003,0.0002,0.0705,0.00108,0.014807,0.00096,0.001403,0.013323,0.00162,0.003818,0.011074,0.001045,0.001281,0.011148,0.001413,0.0,0.0,0.0,0.0,0.0,0.0,0.0,0.0,0.0,0.0,0.0,0.0
31,3.1,162.99,169.74,-177.0,0.7102,0.7044,0.7316,0.7196,0.1642,0.1244,0.0004,0.0003,0.0723,0.001096,0.014771,0.000996,0.001424,0.013139,0.00165,0.003803,0.011075,0.001071,0.001216,0.011164,0.001487,0.0,0.0,0.0,0.0,0.0,0.0,0.0,0.0,0.0,0.0,0.0,0.0
32,3.2,164.9,167.58,-178.22,0.7209,0.7131,0.7342,0.7219,0.1536,0.1198,0.0004,0.0003,0.0671,0.001198,0.013972,0.000974,0.00149,0.012606,0.001611,0.003699,0.010574,0.00104,0.001139,0.01073,0.001442,0.0,0.0,0.0,0.0,0.0,0.0,0.0,0.0,0.0,0.0,0.0,0.0
33,3.3,164.85,165.71,-178.76,0.7261,0.7185,0.7342,0.7238,0.1565,0.1256,0.0004,0.0003,0.0665,0.001168,0.013906,0.000954,0.001475,0.012379,0.001538,0.003525,0.010545,0.001006,0.001077,0.010668,0.001434,0.0,0.0,0.0,0.0,0.0,0.0,0.0,0.0,0.0,0.0,0.0,0.0
34,3.4,163.92,165.91,-178.4,0.7237,0.7159,0.7374,0.7266,0.1641,0.1294,0.0004,0.0003,0.0665,0.001167,0.013982,0.000985,0.001506,0.012514,0.001587,0.003563,0.01062,0.001037,0.001075,0.010652,0.001479,0.0,0.0,0.0,0.0,0.0,0.0,0.0,0.0,0.0,0.0,0.0,0.0
35,3.5,162.46,166.13,-178.73,0.7267,0.7186,0.7376,0.7267,0.158,0.1242,0.0005,0.0003,0.0643,0.001206,0.01389,0.000979,0.001519,0.012453,0.001592,0.003559,0.010729,0.001035,0.001076,0.010653,0.001475,0.0,0.0,0.0,0.0,0.0,0.0,0.0,0.0,0.0,0.0,0.0,0.0
36,3.6,162.21,165.29,-178.58,0.7266,0.7175,0.738,0.728,0.1574,0.1317,0.0007,0.0005,0.0615,0.001238,0.014055,0.001033,0.001553,0.012554,0.001669,0.003637,0.010869,0.001077,0.001107,0.010722,0.001533,0.0,0.0,0.0,0.0,0.0,0.0,0.0,0.0,0.0,0.0,0.0,0.0
37,3.7,162.27,166.35,-178.6,0.7268,0.7186,0.7389,0.7282,0.1623,0.1323,0.0004,0.0003,0.063,0.001274,0.014102,0.001019,0.001556,0.012683,0.001662,0.003648,0.010955,0.001072,0.00109,0.010795,0.001518,0.0,0.0,0.0,0.0,0.0,0.0,0.0,0.0,0.0,0.0,0.0,0.0
38,3.8,162.34,165.67,-179.31,0.7304,0.719,0.7363,0.7281,0.1561,0.1337,0.0009,0.0006,0.0646,0.001297,0.014225,0.001082,0.001574,0.012823,0.001762,0.003676,0.011221,0.00112,0.001102,0.011032,0.001579,0.0,0.0,0.0,0.0,0.0,0.0,0.0,0.0,0.0,0.0,0.0,0.0
39,3.9,162.49,164.21,-179.09,0.7309,0.7207,0.7374,0.7276,0.162,0.1291,0.0009,0.0006,0.0668,0.001281,0.014192,0.001041,0.001589,0.012808,0.001702,0.003716,0.011189,0.001095,0.001115,0.01102,0.001557,0.0,0.0,0.0,0.0,0.0,0.0,0.0,0.0,0.0,0.0,0.0,0.0
40,4.0,163.18,162.01,-179.94,0.7312,0.7206,0.7382,0.7274,0.1479,0.1242,0.0008,0.0006,0.0668,0.001292,0.014072,0.001042,0.001643,0.012817,0.001635,0.003592,0.011159,0.001098,0.001019,0.011066,0.001598,0.0,0.0,0.0,0.0,0.0,0.0,0.0,0.0,0.0,0.0,0.0,0.0
41,4.1,162.93,161.94,179.88,0.7329,0.7219,0.7355,0.7259,0.1683,0.1408,0.0006,0.0005,0.0651,0.001272,0.014276,0.000995,0.001645,0.012913,0.001572,0.003614,0.011321,0.001072,0.001036,0.011308,0.001573,0.0,0.0,0.0,0.0,0.0,0.0,0.0,0.0,0.0,0.0,0.0,0.0
42,4.2,162.85,159.24,-179.92,0.7306,0.7202,0.7344,0.7253,0.1702,0.1348,0.0006,0.0004,0.0644,0.001328,0.014133,0.001021,0.001687,0.01285,0.001556,0.003561,0.011211,0.001078,0.000973,0.011119,0.001592,0.0,0.0,0.0,0.0,0.0,0.0,0.0,0.0,0.0,0.0,0.0,0.0
43,4.3,164.72,160.63,-179.99,0.7302,0.7193,0.7337,0.7232,0.1676,0.1367,0.0007,0.0005,0.0622,0.001367,0.014198,0.000938,0.001687,0.012768,0.001458,0.003519,0.011008,0.001022,0.000937,0.011065,0.001511,0.0,0.0,0.0,0.0,0.0,0.0,0.0,0.0,0.0,0.0,0.0,0.0
44,4.4,164.37,160.33,-179.43,0.7284,0.7181,0.7352,0.7233,0.159,0.1299,0.0003,0.0002,0.0654,0.0013,0.014109,0.000942,0.001676,0.012474,0.001462,0.003565,0.010778,0.001031,0.000974,0.01083,0.001528,0.0,0.0,0.0,0.0,0.0,0.0,0.0,0.0,0.0,0.0,0.0,0.0
45,4.5,161.23,159.89,-179.56,0.7251,0.7157,0.7319,0.7215,0.164,0.1358,0.0002,0.0002,0.0648,0.001271,0.014278,0.001041,0.001647,0.01265,0.001616,0.003567,0.011149,0.001089,0.00102,0.011051,0.001603,0.0,0.0,0.0,0.0,0.0,0.0,0.0,0.0,0.0,0.0,0.0,0.0
46,4.6,163.44,159.98,-179.42,0.7245,0.7137,0.7317,0.7209,0.1642,0.1282,0.0002,0.0001,0.0654,0.001305,0.014108,0.001024,0.001661,0.012719,0.001586,0.003583,0.011045,0.001072,0.000994,0.010916,0.001574,0.0,0.0,0.0,0.0,0.0,0.0,0.0,0.0,0.0,0.0,0.0,0.0
47,4.7,164.57,159.73,-179.26,0.7261,0.7156,0.7343,0.7227,0.1605,0.1287,0.0003,0.0002,0.0677,0.001233,0.013957,0.000891,0.001622,0.012715,0.001406,0.003519,0.010859,0.000982,0.000993,0.010876,0.001444,0.0,0.0,0.0,0.0,0.0,0.0,0.0,0.0,0.0,0.0,0.0,0.0
48,4.8,164.59,160.0,-179.21,0.7243,0.713,0.7327,0.7215,0.1552,0.1295,0.0004,0.0003,0.0633,0.001291,0.014188,0.000942,0.001662,0.012869,0.001484,0.003519,0.011042,0.001026,0.000979,0.011034,0.001512,0.0,0.0,0.0,0.0,0.0,0.0,0.0,0.0,0.0,0.0,0.0,0.0
49,4.9,167.68,159.61,-179.44,0.7199,0.7091,0.7272,0.7152,0.1482,0.1288,0.0005,0.0003,0.0642,0.001357,0.013892,0.000816,0.001713,0.012599,0.001301,0.003558,0.010643,0.000964,0.000965,0.010804,0.001434,0.0,0.0,0.0,0.0,0.0,0.0,0.0,0.0,0.0,0.0,0.0,0.0
50,5.0,166.19,157.76,-179.47,0.7131,0.702,0.7191,0.7068,0.1519,0.1245,0.0007,0.0005,0.0605,0.001235,0.013943,0.000885,0.001657,0.012717,0.001375,0.003348,0.010849,0.000992,0.000957,0.010879,0.001478,0.0,0.0,0.0,0.0,0.0,0.0,0.0,0.0,0.0,0.0,0.0,0.0
51,5.1,164.66,157.57,179.69,0.7015,0.69,0.7023,0.6912,0.1596,0.1316,0.0005,0.0004,0.0616,0.001266,0.013975,0.000909,0.001658,0.012749,0.001401,0.003342,0.011133,0.001008,0.000916,0.01109,0.001496,0.0,0.0,0.0,0.0,0.0,0.0,0.0,0.0,0.0,0.0,0.0,0.0
52,5.2,166.33,158.08,179.18,0.6925,0.6794,0.6891,0.6776,0.1534,0.1384,0.0011,0.0008,0.0623,0.001371,0.01405,0.000904,0.001723,0.012801,0.001409,0.003461,0.011185,0.00103,0.000908,0.011159,0.001536,0.0,0.0,0.0,0.0,0.0,0.0,0.0,0.0,0.0,0.0,0.0,0.0
53,5.3,168.54,157.98,178.95,0.6849,0.6704,0.6818,0.6696,0.1489,0.1397,0.0004,0.0003,0.0685,0.00138,0.013831,0.000844,0.001746,0.013009,0.00132,0.003385,0.01123,0.001011,0.000854,0.011217,0.001508,0.0,0.0,0.0,0.0,0.0,0.0,0.0,0.0,0.0,0.0,0.0,0.0
54,5.4,166.48,159.29,179.73,0.6773,0.6648,0.6764,0.6657,0.1627,0.1359,0.0005,0.0004,0.066,0.001322,0.014092,0.000811,0.001698,0.013319,0.001293,0.003385,0.011498,0.000954,0.000888,0.011407,0.001419,0.0,0.0,0.0,0.0,0.0,0.0,0.0,0.0,0.0,0.0,0.0,0.0
55,5.5,167.72,160.37,179.48,0.6806,0.6673,0.6783,0.6667,0.1506,0.1291,0.0005,0.0004,0.067,0.001421,0.01404,0.00078,0.001736,0.013458,0.001235,0.003394,0.01152,0.000953,0.000841,0.011463,0.001414,0.0,0.0,0.0,0.0,0.0,0.0,0.0,0.0,0.0,0.0,0.0,0.0
56,5.6,166.72,159.34,179.46,0.6843,0.67,0.6796,0.6684,0.1532,0.1287,0.0004,0.0003,0.067,0.001381,0.013912,0.000793,0.001729,0.013384,0.001259,0.003398,0.011481,0.000945,0.000857,0.011399,0.001402,0.0,0.0,0.0,0.0,0.0,0.0,0.0,0.0,0.0,0.0,0.0,0.0
57,5.7,166.36,157.86,179.25,0.6869,0.6721,0.6791,0.6666,0.1489,0.1248,0.0003,0.0002,0.0668,0.001483,0.014035,0.000797,0.001804,0.013297,0.001271,0.003473,0.011527,0.000974,0.000842,0.011421,0.001454,0.0,0.0,0.0,0.0,0.0,0.0,0.0,0.0,0.0,0.0,0.0,0.0
58,5.8,167.49,160.04,178.53,0.6853,0.6698,0.6777,0.6665,0.1482,0.1275,0.0014,0.001,0.0655,0.00146,0.014075,0.000814,0.001738,0.013275,0.001312,0.003398,0.011565,0.000969,0.000832,0.011566,0.001437,0.0,0.0,0.0,0.0,0.0,0.0,0.0,0.0,0.0,0.0,0.0,0.0
59,5.9,165.91,158.44,179.08,0.6823,0.6678,0.6762,0.665,0.1604,0.1362,0.0011,0.0008,0.0617,0.001512,0.014306,0.000847,0.001785,0.013172,0.001351,0.00342,0.011603,0.000999,0.000835,0.011488,0.001494,0.0,0.0,0.0,0.0,0.0,0.0,0.0,0.0,0.0,0.0,0.0,0.0
60,6.0,167.04,161.82,179.23,0.6776,0.6636,0.673,0.6605,0.1654,0.1339,0.0008,0.0006,0.07,0.001397,0.01421,0.000815,0.001691,0.013169,0.001326,0.003439,0.011501,0.00097,0.000879,0.011442,0.001431,0.0,0.0,0.0,0.0,0.0,0.0,0.0,0.0,0.0,0.0,0.0,0.0
61,6.1,165.37,161.38,179.49,0.6736,0.66,0.6693,0.6586,0.1669,0.1334,0.0007,0.0005,0.0675,0.001348,0.014288,0.000904,0.001641,0.013234,0.00145,0.003372,0.011667,0.001003,0.000881,0.011484,0.00147,0.0,0.0,0.0,0.0,0.0,0.0,0.0,0.0,0.0,0.0,0.0,0.0
62,6.2,166.13,160.78,179.0,0.6697,0.6557,0.6645,0.6543,0.1575,0.1334,0.0012,0.0008,0.068,0.001404,0.014684,0.000867,0.001676,0.013429,0.001414,0.003398,0.011915,0.000984,0.000877,0.01181,0.001438,0.0,0.0,0.0,0.0,0.0,0.0,0.0,0.0,0.0,0.0,0.0,0.0
63,6.3,165.53,161.93,179.3,0.6652,0.6503,0.6585,0.6486,0.1652,0.1339,0.0004,0.0003,0.0709,0.001361,0.014201,0.000764,0.001624,0.013427,0.001278,0.003379,0.011803,0.00092,0.000881,0.011573,0.00134,0.0,0.0,0.0,0.0,0.0,0.0,0.0,0.0,0.0,0.0,0.0,0.0
64,6.4,167.07,163.25,179.54,0.6621,0.6473,0.6593,0.6482,0.1615,0.1238,0.0004,0.0003,0.07,0.001347,0.013902,0.000725,0.001593,0.013214,0.001225,0.003394,0.011467,0.000898,0.000909,0.011285,0.001299,0.0,0.0,0.0,0.0,0.0,0.0,0.0,0.0,0.0,0.0,0.0,0.0
65,6.5,166.16,163.29,179.3,0.6621,0.6467,0.6561,0.6446,0.1654,0.1278,0.0003,0.0002,0.0725,0.001312,0.01407,0.000766,0.001556,0.013378,0.001281,0.003384,0.011729,0.000907,0.00091,0.01154,0.001304,0.0,0.0,0.0,0.0,0.0,0.0,0.0,0.0,0.0,0.0,0.0,0.0
66,6.6,165.67,164.38,179.11,0.6621,0.6471,0.6557,0.6449,0.1651,0.1317,0.0012,0.0008,0.0695,0.001304,0.014155,0.000796,0.001532,0.013495,0.001338,0.003343,0.011808,0.00092,0.000917,0.011693,0.001303,0.0,0.0,0.0,0.0,0.0,0.0,0.0,0.0,0.0,0.0,0.0,0.0
67,6.7,166.22,163.4,179.22,0.6608,0.646,0.6551,0.6449,0.1562,0.1332,0.0068,0.0048,0.0729,0.001318,0.01428,0.000778,0.00155,0.013519,0.001309,0.003354,0.011801,0.000911,0.000896,0.011784,0.001294,0.0,0.0,0.0,0.0,0.0,0.0,0.0,0.0,0.0,0.0,0.0,0.0
68,6.8,167.46,164.4,179.92,0.6572,0.6416,0.657,0.6444,0.1598,0.1343,0.0021,0.0015,0.0681,0.001274,0.014173,0.000715,0.001521,0.013435,0.001231,0.00337,0.011593,0.000879,0.00094,0.011526,0.001249,0.0,0.0,0.0,0.0,0.0,0.0,0.0,0.0,0.0,0.0,0.0,0.0
69,6.9,166.99,165.05,179.8,0.656,0.6414,0.6544,0.6432,0.1647,0.1337,0.003,0.0021,0.0692,0.001285,0.014296,0.000693,0.001521,0.013722,0.001182,0.003314,0.011826,0.000852,0.000915,0.011743,0.001213,0.0,0.0,0.0,0.0,0.0,0.0,0.0,0.0,0.0,0.0,0.0,0.0
70,7.0,167.46,166.03,179.9,0.6575,0.643,0.6564,0.6437,0.1629,0.1343,0.0002,0.0002,0.0685,0.001305,0.014064,0.000722,0.001517,0.013554,0.001244,0.003397,0.011631,0.000877,0.000954,0.01156,0.001232,0.0,0.0,0.0,0.0,0.0,0.0,0.0,0.0,0.0,0.0,0.0,0.0
71,7.1,167.8,166.0,179.84,0.6566,0.6425,0.6544,0.6434,0.1671,0.1487,0.0017,0.0012,0.0671,0.001273,0.014251,0.000699,0.001497,0.013619,0.001208,0.003355,0.011667,0.000846,0.000958,0.011705,0.001187,0.0,0.0,0.0,0.0,0.0,0.0,0.0,0.0,0.0,0.0,0.0,0.0
72,7.2,167.11,166.18,179.27,0.6571,0.6428,0.6542,0.6435,0.1652,0.1473,0.0004,0.0003,0.0704,0.001245,0.013966,0.00071,0.001481,0.013479,0.001233,0.003406,0.011632,0.000856,0.001003,0.011599,0.00118,0.0,0.0,0.0,0.0,0.0,0.0,0.0,0.0,0.0,0.0,0.0,0.0
73,7.3,165.36,165.85,179.19,0.6604,0.6455,0.6553,0.6462,0.1619,0.1397,0.001,0.0007,0.0667,0.001284,0.014404,0.000764,0.001512,0.013661,0.001302,0.003329,0.01191,0.000888,0.000943,0.011841,0.001243,0.0,0.0,0.0,0.0,0.0,0.0,0.0,0.0,0.0,0.0,0.0,0.0
74,7.4,165.73,164.76,179.68,0.658,0.6446,0.6562,0.6457,0.1641,0.1409,0.0002,0.0002,0.0683,0.00129,0.013961,0.000758,0.001534,0.013357,0.001285,0.003354,0.011511,0.000891,0.000918,0.011391,0.001266,0.0,0.0,0.0,0.0,0.0,0.0,0.0,0.0,0.0,0.0,0.0,0.0
75,7.5,165.28,163.23,179.74,0.657,0.6423,0.6552,0.6456,0.1587,0.1302,0.0007,0.0005,0.0687,0.00128,0.013957,0.000855,0.001559,0.013252,0.001423,0.003348,0.011455,0.000974,0.000928,0.01135,0.001391,0.0,0.0,0.0,0.0,0.0,0.0,0.0,0.0,0.0,0.0,0.0,0.0
76,7.6,166.15,161.62,179.73,0.6558,0.6414,0.6543,0.6426,0.1627,0.1312,0.0004,0.0003,0.0689,0.001306,0.013506,0.000774,0.001605,0.013142,0.001279,0.003359,0.011253,0.000906,0.000899,0.01114,0.00131,0.0,0.0,0.0,0.0,0.0,0.0,0.0,0.0,0.0,0.0,0.0,0.0
77,7.7,166.61,160.35,179.68,0.6551,0.6396,0.6531,0.6415,0.1643,0.1384,0.0003,0.0002,0.0669,0.001306,0.013862,0.000795,0.001621,0.013321,0.001307,0.003351,0.011434,0.000922,0.0009,0.011324,0.001348,0.0,0.0,0.0,0.0,0.0,0.0,0.0,0.0,0.0,0.0,0.0,0.0
78,7.8,166.89,161.13,-179.98,0.6538,0.6386,0.6534,0.6425,0.1727,0.1347,0.0003,0.0002,0.0686,0.001334,0.014136,0.000736,0.001629,0.013559,0.001238,0.003405,0.011592,0.000907,0.0009,0.011509,0.00133,0.0,0.0,0.0,0.0,0.0,0.0,0.0,0.0,0.0,0.0,0.0,0.0
79,7.9,167.49,162.57,179.69,0.6527,0.638,0.6542,0.6427,0.1665,0.137,0.0005,0.0003,0.0679,0.001364,0.014092,0.000748,0.001636,0.013479,0.001251,0.00342,0.011477,0.000914,0.000887,0.011478,0.001329,0.0,0.0,0.0,0.0,0.0,0.0,0.0,0.0,0.0,0.0,0.0,0.0
80,8.0,168.07,162.79,-179.85,0.654,0.6393,0.656,0.6445,0.1679,0.1378,0.0013,0.0009,0.0712,0.00135,0.014131,0.000753,0.001646,0.013705,0.001256,0.003434,0.011544,0.000931,0.000893,0.011458,0.001358,0.0,0.0,0.0,0.0,0.0,0.0,0.0,0.0,0.0,0.0,0.0,0.0
81,8.1,167.24,161.64,-179.95,0.6548,0.6412,0.658,0.6471,0.172,0.1422,0.0006,0.0004,0.0716,0.001411,0.013952,0.000725,0.001696,0.013528,0.001204,0.003415,0.011446,0.000918,0.000856,0.011313,0.001353,0.0,0.0,0.0,0.0,0.0,0.0,0.0,0.0,0.0,0.0,0.0,0.0
82,8.2,166.54,162.43,179.81,0.662,0.6481,0.6618,0.652,0.1619,0.138,0.0005,0.0003,0.0705,0.001385,0.014184,0.000749,0.001688,0.013597,0.001242,0.003418,0.011589,0.00093,0.000872,0.011518,0.001371,0.0,0.0,0.0,0.0,0.0,0.0,0.0,0.0,0.0,0.0,0.0,0.0
83,8.3,165.1,162.95,179.46,0.6679,0.6519,0.6655,0.6555,0.1671,0.1315,0.0012,0.0008,0.0707,0.001375,0.014443,0.000834,0.001683,0.013855,0.001363,0.00335,0.011986,0.000976,0.000855,0.011787,0.001434,0.0,0.0,0.0,0.0,0.0,0.0,0.0,0.0,0.0,0.0,0.0,0.0
84,8.4,166.1,161.05,179.41,0.6744,0.6585,0.6702,0.6594,0.167,0.1291,0.0003,0.0002,0.07,0.001381,0.014433,0.000772,0.001708,0.013817,0.001258,0.003354,0.011896,0.000936,0.000839,0.011797,0.001387,0.0,0.0,0.0,0.0,0.0,0.0,0.0,0.0,0.0,0.0,0.0,0.0
85,8.5,164.9,160.13,179.83,0.6763,0.6625,0.6752,0.6633,0.17,0.134,0.0005,0.0004,0.0679,0.00134,0.014501,0.000734,0.001717,0.013844,0.001183,0.003356,0.011883,0.000917,0.000839,0.011806,0.001365,0.0,0.0,0.0,0.0,0.0,0.0,0.0,0.0,0.0,0.0,0.0,0.0
86,8.6,166.62,161.41,179.28,0.6798,0.6661,0.676,0.6642,0.1598,0.1362,0.0022,0.0016,0.0689,0.001348,0.014389,0.000688,0.001674,0.013696,0.001136,0.003363,0.011709,0.000885,0.000832,0.011801,0.001315,0.0,0.0,0.0,0.0,0.0,0.0,0.0,0.0,0.0,0.0,0.0,0.0
87,8.7,165.99,160.12,179.64,0.681,0.6667,0.6779,0.6653,0.1665,0.129,0.0009,0.0006,0.0681,0.001409,0.014387,0.000722,0.001715,0.013658,0.001172,0.003371,0.011712,0.000911,0.000815,0.011686,0.001362,0.0,0.0,0.0,0.0,0.0,0.0,0.0,0.0,0.0,0.0,0.0,0.0
88,8.8,164.75,159.05,179.14,0.6835,0.6696,0.6781,0.6669,0.1692,0.1332,0.0001,0.0001,0.0681,0.001356,0.01424,0.000774,0.001693,0.013576,0.001232,0.003338,0.011808,0.00094,0.00082,0.01173,0.001404,0.0,0.0,0.0,0.0,0.0,0.0,0.0,0.0,0.0,0.0,0.0,0.0
89,8.9,163.58,161.18,179.3,0.6805,0.6676,0.6788,0.6678,0.1663,0.1352,0.0002,0.0001,0.0671,0.001362,0.014266,0.000772,0.001674,0.013495,0.00125,0.003327,0.011731,0.000926,0.000808,0.0117,0.001378,0.0,0.0,0.0,0.0,0.0,0.0,0.0,0.0,0.0,0.0,0.0,0.0
90,9.0,165.62,159.19,179.34,0.678,0.6639,0.6776,0.6671,0.1692,0.1337,0.0001,0.0001,0.0636,0.001384,0.014224,0.000795,0.001719,0.013379,0.001256,0.003309,0.011548,0.000947,0.000808,0.011579,0.001416,0.0,0.0,0.0,0.0,0.0,0.0,0.0,0.0,0.0,0.0,0.0,0.0
91,9.1,164.01,159.69,179.83,0.6745,0.6625,0.6741,0.6632,0.1697,0.1346,0.0002,0.0001,0.0645,0.001322,0.014321,0.000799,0.001652,0.01359,0.001275,0.003242,0.011779,0.000918,0.000827,0.011706,0.001367,0.0,0.0,0.0,0.0,0.0,0.0,0.0,0.0,0.0,0.0,0.0,0.0
92,9.2,164.5,165.23,179.97,0.6641,0.6507,0.6631,0.6522,0.1513,0.1323,0.0003,0.0002,0.0647,0.00122,0.014007,0.000873,0.001521,0.013296,0.001458,0.003329,0.011496,0.000977,0.000911,0.011435,0.001398,0.0,0.0,0.0,0.0,0.0,0.0,0.0,0.0,0.0,0.0,0.0,0.0
93,9.3,167.67,170.08,-177.93,0.6321,0.6193,0.6394,0.6253,0.1376,0.1202,0.0005,0.0003,0.0652,0.001064,0.013592,0.000668,0.001354,0.013156,0.001154,0.003297,0.010925,0.000816,0.001043,0.010978,0.001133,0.0,0.0,0.0,0.0,0.0,0.0,0.0,0.0,0.0,0.0,0.0,0.0
94,9.4,168.52,173.15,-178.07,0.602,0.5878,0.6101,0.5953,0.1366,0.1242,0.0002,0.0002,0.0699,0.000975,0.013097,0.000563,0.001224,0.012971,0.000979,0.00319,0.010653,0.000705,0.001028,0.010801,0.000925,0.0,0.0,0.0,0.0,0.0,0.0,0.0,0.0,0.0,0.0,0.0,0.0
95,9.5,174.41,171.21,-178.58,0.5826,0.5662,0.5876,0.5726,0.1451,0.1238,0.0112,0.0079,0.0746,0.001052,0.012787,0.000478,0.00129,0.012914,0.000807,0.003124,0.010305,0.000684,0.000935,0.010633,0.000923,0.0,0.0,0.0,0.0,0.0,0.0,0.0,0.0,0.0,0.0,0.0,0.0
96,9.6,176.31,170.54,-177.7,0.5669,0.5514,0.5774,0.5611,0.1537,0.1206,0.0006,0.0004,0.0724,0.001052,0.01232,0.00047,0.001284,0.012717,0.000788,0.003072,0.009864,0.000681,0.000899,0.010152,0.000911,0.0,0.0,0.0,0.0,0.0,0.0,0.0,0.0,0.0,0.0,0.0,0.0
97,9.7,-179.77,170.81,-178.14,0.5572,0.5401,0.5687,0.5502,0.148,0.1186,0.0089,0.0062,0.0778,0.001081,0.012973,0.000471,0.001283,0.012906,0.000767,0.003118,0.009933,0.000696,0.00088,0.010532,0.000912,0.0,0.0,0.0,0.0,0.0,0.0,0.0,0.0,0.0,0.0,0.0,0.0
98,9.8,-175.6,171.8,-178.21,0.5516,0.5337,0.5633,0.5438,0.1538,0.1229,0.0088,0.0062,0.0717,0.00102,0.012409,0.000469,0.001238,0.01253,0.000719,0.003063,0.009464,0.000683,0.000901,0.010125,0.000858,0.0,0.0,0.0,0.0,0.0,0.0,0.0,0.0,0.0,0.0,0.0,0.0
99,9.9,-176.87,172.23,-179.02,0.5509,0.5322,0.5577,0.5381,0.1423,0.1198,0.0029,0.002,0.0742,0.001058,0.011606,0.000464,0.001212,0.012095,0.000711,0.003,0.009292,0.000666,0.000882,0.009758,0.000831,0.0,0.0,0.0,0.0,0.0,0.0,0.0,0.0,0.0,0.0,0.0,0.0
100,10.0,-176.8,173.04,-179.69,0.5497,0.5307,0.5496,0.5314,0.1338,0.1252,0.0015,0.001,0.0724,0.001043,0.011461,0.000475,0.001187,0.012026,0.000729,0.002968,0.009323,0.000652,0.000897,0.009735,0.000793,0.0,0.0,0.0,0.0,0.0,0.0,0.0,0.0,0.0,0.0,0.0,0.0
101,10.1,-176.4,172.47,179.98,0.548,0.5282,0.5471,0.5293,0.1469,0.1306,0.0003,0.0002,0.0688,0.001118,0.011348,0.000468,0.001199,0.01197,0.000708,0.002936,0.009524,0.000645,0.000898,0.009877,0.000782,0.0,0.0,0.0,0.0,0.0,0.0,0.0,0.0,0.0,0.0,0.0,0.0
102,10.2,-176.53,174.73,-179.54,0.5454,0.5269,0.5501,0.5319,0.1523,0.1344,0.0019,0.0014,0.0712,0.001062,0.012023,0.0005,0.001151,0.01247,0.000769,0.002986,0.00977,0.000671,0.00091,0.010343,0.000802,0.0,0.0,0.0,0.0,0.0,0.0,0.0,0.0,0.0,0.0,0.0,0.0
103,10.3,-175.75,173.46,-179.16,0.5439,0.525,0.5485,0.5302,0.1516,0.1347,0.0004,0.0003,0.072,0.00105,0.011631,0.000493,0.001183,0.012306,0.000722,0.003013,0.009508,0.000679,0.00092,0.010009,0.000815,0.0,0.0,0.0,0.0,0.0,0.0,0.0,0.0,0.0,0.0,0.0,0.0
104,10.4,-174.92,171.39,-179.83,0.544,0.5237,0.5465,0.5283,0.149,0.1281,0.0023,0.0016,0.0723,0.001086,0.011777,0.000468,0.001236,0.012247,0.000685,0.002959,0.009447,0.000682,0.000883,0.009964,0.000843,0.0,0.0,0.0,0.0,0.0,0.0,0.0,0.0,0.0,0.0,0.0,0.0
105,10.5,-175.24,170.73,-179.38,0.5447,0.5245,0.5497,0.5305,0.1548,0.1198,0.0003,0.0002,0.0681,0.001067,0.011738,0.000436,0.001203,0.012228,0.000647,0.002843,0.009517,0.000635,0.000846,0.009918,0.000787,0.0,0.0,0.0,0.0,0.0,0.0,0.0,0.0,0.0,0.0,0.0,0.0
106,10.6,-176.53,170.98,-179.73,0.5462,0.5255,0.5481,0.5293,0.1465,0.1357,0.0074,0.0052,0.0717,0.001064,0.012107,0.000443,0.001212,0.012422,0.000669,0.002909,0.009631,0.000664,0.000847,0.010142,0.000837,0.0,0.0,0.0,0.0,0.0,0.0,0.0,0.0,0.0,0.0,0.0,0.0
107,10.7,-176.68,173.25,179.88,0.547,0.526,0.5462,0.5269,0.1479,0.1271,0.0022,0.0015,0.0755,0.001129,0.012035,0.000483,0.001213,0.012423,0.000735,0.002961,0.00968,0.000688,0.000862,0.010136,0.000851,0.0,0.0,0.0,0.0,0.0,0.0,0.0,0.0,0.0,0.0,0.0,0.0
108,10.8,-175.33,173.33,179.69,0.5456,0.5255,0.5443,0.5258,0.1466,0.1332,0.0198,0.0139,0.0834,0.001076,0.012038,0.00051,0.001198,0.012539,0.000764,0.003014,0.009593,0.000715,0.000878,0.010285,0.000871,0.0,0.0,0.0,0.0,0.0,0.0,0.0,0.0,0.0,0.0,0.0,0.0
109,10.9,-173.74,172.94,179.98,0.5459,0.5264,0.5453,0.5266,0.1528,0.131,0.0255,0.0178,0.0789,0.00109,0.012413,0.000484,0.001194,0.012671,0.000713,0.002927,0.009624,0.000685,0.000851,0.010398,0.000832,0.0,0.0,0.0,0.0,0.0,0.0,0.0,0.0,0.0,0.0,0.0,0.0
110,11.0,-176.53,171.78,179.91,0.549,0.5288,0.5491,0.5306,0.1513,0.1295,0.0003,0.0002,0.073,0.001108,0.011256,0.000468,0.001199,0.011987,0.00071,0.002906,0.009422,0.00067,0.000866,0.009713,0.000833,0.0,0.0,0.0,0.0,0.0,0.0,0.0,0.0,0.0,0.0,0.0,0.0
111,11.1,-174.69,173.55,-179.59,0.5455,0.5266,0.5493,0.5301,0.153,0.1225,0.0004,0.0003,0.0692,0.000983,0.011234,0.000476,0.001131,0.011724,0.000687,0.002887,0.009181,0.00066,0.00091,0.009562,0.000794,0.0,0.0,0.0,0.0,0.0,0.0,0.0,0.0,0.0,0.0,0.0,0.0
112,11.2,-174.95,171.39,-179.88,0.5457,0.5249,0.546,0.5275,0.1535,0.1287,0.0065,0.0045,0.0793,0.001053,0.012063,0.000469,0.001177,0.012431,0.000706,0.002904,0.009665,0.000678,0.000847,0.010197,0.000841,0.0,0.0,0.0,0.0,0.0,0.0,0.0,0.0,0.0,0.0,0.0,0.0
113,11.3,-173.4,172.86,-179.43,0.5458,0.5246,0.5478,0.5281,0.1501,0.1276,0.0005,0.0004,0.0695,0.001004,0.011789,0.000464,0.001122,0.012187,0.000646,0.002862,0.009554,0.000647,0.000878,0.01,0.000775,0.0,0.0,0.0,0.0,0.0,0.0,0.0,0.0,0.0,0.0,0.0,0.0
114,11.4,-173.77,171.96,-179.74,0.5475,0.5274,0.5495,0.5304,0.1507,0.127,0.0021,0.0015,0.0735,0.001046,0.012426,0.000472,0.001183,0.012498,0.000713,0.002892,0.00968,0.000684,0.000837,0.010259,0.000849,0.0,0.0,0.0,0.0,0.0,0.0,0.0,0.0,0.0,0.0,0.0,0.0
115,11.5,-175.83,171.23,-179.44,0.5481,0.528,0.5522,0.5323,0.1492,0.1269,0.0011,0.0008,0.0713,0.001105,0.012016,0.000438,0.001222,0.012451,0.000648,0.002883,0.009711,0.000681,0.000815,0.010096,0.000866,0.0,0.0,0.0,0.0,0.0,0.0,0.0,0.0,0.0,0.0,0.0,0.0
116,11.6,-175.94,170.64,-179.52,0.551,0.5311,0.5543,0.5358,0.152,0.1379,0.0009,0.0006,0.073,0.001076,0.011957,0.000435,0.001232,0.012305,0.000649,0.002898,0.009678,0.000681,0.000817,0.010087,0.000873,0.0,0.0,0.0,0.0,0.0,0.0,0.0,0.0,0.0,0.0,0.0,0.0
117,11.7,-177.23,170.32,-179.43,0.5526,0.5332,0.5568,0.5377,0.1451,0.1371,0.0002,0.0001,0.0746,0.001131,0.011799,0.00044,0.001279,0.012232,0.000659,0.002947,0.009592,0.000711,0.000803,0.009891,0.000918,0.0,0.0,0.0,0.0,0.0,0.0,0.0,0.0,0.0,0.0,0.0,0.0
118,11.8,-176.53,169.82,-179.88,0.5562,0.5363,0.5598,0.5411,0.1448,0.1408,0.0006,0.0004,0.0713,0.001188,0.012015,0.00043,0.001304,0.012367,0.000643,0.002908,0.009739,0.000703,0.000783,0.010109,0.000911,0.0,0.0,0.0,0.0,0.0,0.0,0.0,0.0,0.0,0.0,0.0,0.0
119,11.9,-176.7,170.63,179.55,0.5618,0.5415,0.5608,0.5429,0.1413,0.1487,0.0048,0.0034,0.0736,0.001149,0.012006,0.000442,0.001298,0.01234,0.000667,0.002931,0.009725,0.000705,0.000807,0.010144,0.000911,0.0,0.0,0.0,0.0,0.0,0.0,0.0,0.0,0.0,0.0,0.0,0.0
120,12.0,-178.9,170.05,179.8,0.5654,0.5453,0.568,0.5505,0.1401,0.1341,0.0003,0.0002,0.0735,0.001186,0.011794,0.000431,0.001326,0.012378,0.000674,0.00296,0.009723,0.000695,0.000805,0.009973,0.000916,0.0,0.0,0.0,0.0,0.0,0.0,0.0,0.0,0.0,0.0,0.0,0.0
121,12.1,179.51,167.04,179.67,0.5746,0.5545,0.5735,0.5575,0.1558,0.1351,0.0004,0.0003,0.071,0.001242,0.012323,0.000417,0.001388,0.012759,0.000682,0.002922,0.010239,0.000684,0.000778,0.010403,0.000933,0.0,0.0,0.0,0.0,0.0,0.0,0.0,0.0,0.0,0.0,0.0,0.0
122,12.2,178.0,168.4,179.52,0.5872,0.5677,0.5854,0.5698,0.1478,0.1316,0.0021,0.0015,0.0703,0.001217,0.01243,0.000478,0.001382,0.012785,0.000813,0.002998,0.010299,0.000721,0.00082,0.01046,0.000991,0.0,0.0,0.0,0.0,0.0,0.0,0.0,0.0,0.0,0.0,0.0,0.0
123,12.3,177.72,165.73,178.16,0.5727,0.5522,0.5639,0.5483,0.1473,0.1352,0.0028,0.002,0.0726,0.001159,0.012552,0.000419,0.00135,0.012854,0.000694,0.002819,0.01054,0.000645,0.000779,0.010713,0.000884,0.0,0.0,0.0,0.0,0.0,0.0,0.0,0.0,0.0,0.0,0.0,0.0
124,12.4,-174.9,164.26,178.8,0.5514,0.5287,0.5488,0.5302,0.1476,0.1177,0.0003,0.0002,0.0773,0.001275,0.012379,0.000356,0.00143,0.012795,0.000535,0.002852,0.010085,0.000722,0.000717,0.010278,0.000966,0.0,0.0,0.0,0.0,0.0,0.0,0.0,0.0,0.0,0.0,0.0,0.0
125,12.5,-175.28,166.91,178.62,0.5481,0.5247,0.5444,0.5247,0.1416,0.1256,0.0004,0.0003,0.0772,0.001321,0.012301,0.000409,0.001422,0.012848,0.000607,0.002927,0.010204,0.000752,0.00076,0.010352,0.000991,0.0,0.0,0.0,0.0,0.0,0.0,0.0,0.0,0.0,0.0,0.0,0.0
126,12.6,-173.06,167.85,178.1,0.5536,0.5305,0.5462,0.5266,0.1445,0.1345,0.0004,0.0003,0.0739,0.001245,0.011891,0.000415,0.001353,0.012572,0.000601,0.002841,0.009981,0.000725,0.000767,0.010199,0.000938,0.0,0.0,0.0,0.0,0.0,0.0,0.0,0.0,0.0,0.0,0.0,0.0
127,12.7,-173.4,169.06,178.08,0.555,0.5314,0.5478,0.5279,0.1415,0.1305,0.0004,0.0003,0.0702,0.001223,0.011793,0.000413,0.001329,0.012292,0.000599,0.002874,0.009849,0.000703,0.000795,0.010116,0.000908,0.0,0.0,0.0,0.0,0.0,0.0,0.0,0.0,0.0,0.0,0.0,0.0
128,12.8,-173.94,169.81,178.75,0.5539,0.5311,0.5481,0.5284,0.1384,0.1322,0.0006,0.0004,0.0729,0.001167,0.011942,0.000445,0.001298,0.01237,0.000644,0.002885,0.009857,0.000716,0.00083,0.010144,0.000912,0.0,0.0,0.0,0.0,0.0,0.0,0.0,0.0,0.0,0.0,0.0,0.0
129,12.9,-173.92,168.15,179.19,0.5516,0.5289,0.5502,0.5298,0.1346,0.1239,0.0003,0.0002,0.073,0.001206,0.011693,0.000429,0.001345,0.012253,0.000622,0.002924,0.009684,0.000725,0.000817,0.009959,0.000937,0.0,0.0,0.0,0.0,0.0,0.0,0.0,0.0,0.0,0.0,0.0,0.0
130,13.0,-174.75,167.98,179.68,0.5504,0.5281,0.5528,0.5324,0.1361,0.1137,0.0002,0.0002,0.0733,0.001248,0.011638,0.000414,0.001372,0.012215,0.000594,0.002956,0.009555,0.000728,0.000785,0.009874,0.000943,0.0,0.0,0.0,0.0,0.0,0.0,0.0,0.0,0.0,0.0,0.0,0.0
131,13.1,-174.89,167.69,179.23,0.55,0.5294,0.5504,0.5317,0.1309,0.1219,0.0006,0.0004,0.072,0.001168,0.011676,0.000393,0.001353,0.011957,0.000587,0.002898,0.009382,0.000696,0.000776,0.009765,0.000916,0.0,0.0,0.0,0.0,0.0,0.0,0.0,0.0,0.0,0.0,0.0,0.0
132,13.2,-175.51,163.91,179.88,0.5501,0.5278,0.5509,0.5309,0.1392,0.1233,0.0009,0.0007,0.0721,0.001249,0.011394,0.00036,0.001414,0.011824,0.000531,0.002863,0.009239,0.000719,0.000726,0.009471,0.000957,0.0,0.0,0.0,0.0,0.0,0.0,0.0,0.0,0.0,0.0,0.0,0.0
133,13.3,-178.15,162.09,-179.36,0.5493,0.5282,0.5545,0.5334,0.1458,0.1241,0.0047,0.0033,0.073,0.001231,0.011838,0.000343,0.001421,0.012135,0.00054,0.002843,0.009418,0.000716,0.000701,0.009686,0.000981,0.0,0.0,0.0,0.0,0.0,0.0,0.0,0.0,0.0,0.0,0.0,0.0
134,13.4,-176.9,161.33,-179.78,0.5524,0.5305,0.5541,0.5345,0.1444,0.1257,0.0287,0.0201,0.0792,0.001338,0.012323,0.000358,0.001477,0.012386,0.000568,0.002857,0.009499,0.00073,0.000648,0.009982,0.001004,0.0,0.0,0.0,0.0,0.0,0.0,0.0,0.0,0.0,0.0,0.0,0.0
135,13.5,-178.67,162.04,-179.73,0.5506,0.528,0.5543,0.5352,0.1399,0.128,0.0265,0.0185,0.0813,0.00128,0.012083,0.000379,0.00148,0.01237,0.000606,0.002905,0.009466,0.000765,0.000673,0.009903,0.001055,0.0,0.0,0.0,0.0,0.0,0.0,0.0,0.0,0.0,0.0,0.0,0.0
136,13.6,-176.9,162.95,-179.31,0.5471,0.5266,0.5515,0.5313,0.1358,0.1336,0.0205,0.0144,0.0807,0.001226,0.011816,0.000367,0.001445,0.012156,0.000566,0.002907,0.009204,0.000744,0.000696,0.009682,0.00101,0.0,0.0,0.0,0.0,0.0,0.0,0.0,0.0,0.0,0.0,0.0,0.0
137,13.7,-178.11,162.98,-179.35,0.5449,0.5249,0.5511,0.5308,0.1364,0.1305,0.0136,0.0095,0.0791,0.001208,0.011401,0.000364,0.001402,0.011872,0.000572,0.002857,0.009067,0.000727,0.0007,0.009409,0.000993,0.0,0.0,0.0,0.0,0.0,0.0,0.0,0.0,0.0,0.0,0.0,0.0
138,13.8,-177.05,164.84,-179.09,0.5415,0.5224,0.5499,0.5303,0.1305,0.1246,0.0006,0.0004,0.0705,0.001113,0.011559,0.000366,0.001329,0.011827,0.000563,0.002823,0.009118,0.000697,0.000739,0.009491,0.000935,0.0,0.0,0.0,0.0,0.0,0.0,0.0,0.0,0.0,0.0,0.0,0.0
139,13.9,-179.19,163.36,-179.72,0.5398,0.5207,0.5465,0.5282,0.1307,0.128,0.0006,0.0004,0.068,0.001151,0.011419,0.000363,0.001333,0.011416,0.000588,0.002772,0.009061,0.000674,0.000709,0.00935,0.000927,0.0,0.0,0.0,0.0,0.0,0.0,0.0,0.0,0.0,0.0,0.0,0.0
140,14.0,178.51,163.66,-179.87,0.5354,0.5163,0.5408,0.5226,0.15,0.1254,0.0005,0.0004,0.0684,0.001146,0.011208,0.000354,0.001338,0.011349,0.000579,0.002745,0.009049,0.000671,0.000704,0.009215,0.000935,0.0,0.0,0.0,0.0,0.0,0.0,0.0,0.0,0.0,0.0,0.0,0.0
141,14.1,175.89,161.8,-179.98,0.5301,0.5107,0.5331,0.514,0.1524,0.1257,0.002,0.0014,0.0663,0.001219,0.010961,0.000366,0.001407,0.011162,0.000624,0.002737,0.009113,0.000672,0.000683,0.008957,0.000961,0.0,0.0,0.0,0.0,0.0,0.0,0.0,0.0,0.0,0.0,0.0,0.0
142,14.2,-177.97,160.84,179.84,0.5185,0.4981,0.5179,0.4978,0.1571,0.1375,0.0004,0.0003,0.0708,0.001258,0.011335,0.000313,0.001385,0.011639,0.000493,0.002686,0.009276,0.000649,0.00065,0.009269,0.000891,0.0,0.0,0.0,0.0,0.0,0.0,0.0,0.0,0.0,0.0,0.0,0.0
143,14.3,-172.09,163.29,179.88,0.5152,0.4933,0.5152,0.4926,0.1504,0.1259,0.0021,0.0015,0.0703,0.001227,0.011003,0.000319,0.001344,0.011589,0.000463,0.002616,0.009013,0.000678,0.000651,0.009161,0.000903,0.0,0.0,0.0,0.0,0.0,0.0,0.0,0.0,0.0,0.0,0.0,0.0
144,14.4,-171.23,164.71,-179.97,0.5162,0.4939,0.5205,0.4983,0.144,0.123,0.0003,0.0002,0.0686,0.001219,0.010705,0.00035,0.001327,0.011685,0.000479,0.002665,0.008866,0.000717,0.000667,0.009141,0.000931,0.0,0.0,0.0,0.0,0.0,0.0,0.0,0.0,0.0,0.0,0.0,0.0
145,14.5,-172.98,167.68,179.99,0.5165,0.4948,0.5191,0.4989,0.1359,0.1295,0.0002,0.0001,0.0724,0.001189,0.009929,0.000387,0.001299,0.011054,0.000545,0.002751,0.008416,0.000716,0.000716,0.008542,0.000928,0.0,0.0,0.0,0.0,0.0,0.0,0.0,0.0,0.0,0.0,0.0,0.0
146,14.6,-171.41,168.4,179.97,0.5129,0.4915,0.5161,0.4946,0.1286,0.1142,0.0007,0.0005,0.0759,0.001155,0.00983,0.000402,0.001252,0.010801,0.000545,0.002744,0.008138,0.000719,0.000727,0.008415,0.000914,0.0,0.0,0.0,0.0,0.0,0.0,0.0,0.0,0.0,0.0,0.0,0.0
147,14.7,-170.16,168.95,179.98,0.5125,0.4909,0.5147,0.4936,0.1308,0.1183,0.0028,0.002,0.0806,0.001108,0.010263,0.000418,0.001226,0.011206,0.000532,0.002737,0.008331,0.000726,0.000739,0.008762,0.000898,0.0,0.0,0.0,0.0,0.0,0.0,0.0,0.0,0.0,0.0,0.0,0.0
148,14.8,-171.15,168.92,179.99,0.5128,0.4914,0.5151,0.4941,0.1276,0.1163,0.0104,0.0072,0.0821,0.001087,0.010289,0.000431,0.001206,0.011503,0.000562,0.00274,0.008443,0.00073,0.000749,0.008873,0.000904,0.0,0.0,0.0,0.0,0.0,0.0,0.0,0.0,0.0,0.0,0.0,0.0
149,14.9,-171.55,169.1,179.6,0.5147,0.492,0.5143,0.4927,0.131,0.1161,0.0226,0.0158,0.0838,0.001072,0.010463,0.000435,0.001211,0.011321,0.000577,0.002779,0.008384,0.000729,0.000756,0.00894,0.000907,0.0,0.0,0.0,0.0,0.0,0.0,0.0,0.0,0.0,0.0,0.0,0.0
150,15.0,-169.31,168.34,179.61,0.5136,0.4909,0.5122,0.4906,0.1274,0.1203,0.0007,0.0005,0.0727,0.001075,0.010314,0.000401,0.001201,0.011205,0.000518,0.002632,0.008534,0.00071,0.000733,0.008824,0.000888,0.0,0.0,0.0,0.0,0.0,0.0,0.0,0.0,0.0,0.0,0.0,0.0
151,15.1,-168.05,167.86,179.8,0.5125,0.4906,0.5135,0.4915,0.1243,0.1283,0.0014,0.001,0.0668,0.001087,0.010144,0.000403,0.001208,0.010934,0.0005,0.00264,0.008322,0.000699,0.000746,0.008715,0.000861,0.0,0.0,0.0,0.0,0.0,0.0,0.0,0.0,0.0,0.0,0.0,0.0
152,15.2,-171.3,169.95,-179.8,0.5117,0.4898,0.5156,0.4949,0.1294,0.1245,0.0002,0.0001,0.0748,0.001035,0.010253,0.000431,0.001159,0.011115,0.000556,0.00269,0.008455,0.0007,0.000775,0.008796,0.000859,0.0,0.0,0.0,0.0,0.0,0.0,0.0,0.0,0.0,0.0,0.0,0.0
153,15.3,-170.53,171.8,-179.22,0.5118,0.4901,0.5168,0.4954,0.1272,0.1271,0.0025,0.0017,0.074,0.000991,0.010657,0.000464,0.001125,0.011289,0.000596,0.002713,0.008528,0.000686,0.000811,0.009075,0.000822,0.0,0.0,0.0,0.0,0.0,0.0,0.0,0.0,0.0,0.0,0.0,0.0
154,15.4,-171.98,169.9,-178.59,0.5127,0.4922,0.5211,0.4994,0.1305,0.1277,0.001,0.0007,0.0735,0.000984,0.010341,0.00043,0.001135,0.011113,0.000575,0.002696,0.008394,0.000661,0.000789,0.00882,0.00081,0.0,0.0,0.0,0.0,0.0,0.0,0.0,0.0,0.0,0.0,0.0,0.0
155,15.5,-172.17,170.89,-178.45,0.5133,0.494,0.5224,0.5009,0.1316,0.1233,0.0028,0.002,0.0748,0.001009,0.010669,0.000443,0.001147,0.011229,0.000599,0.00275,0.008445,0.000678,0.000788,0.008933,0.000834,0.0,0.0,0.0,0.0,0.0,0.0,0.0,0.0,0.0,0.0,0.0,0.0
156,15.6,-172.61,170.39,-178.53,0.5131,0.4926,0.5231,0.5012,0.1252,0.1229,0.0019,0.0014,0.0739,0.000996,0.010661,0.000429,0.001147,0.011156,0.000589,0.002765,0.008354,0.000686,0.000793,0.008864,0.000856,0.0,0.0,0.0,0.0,0.0,0.0,0.0,0.0,0.0,0.0,0.0,0.0
157,15.7,-173.84,168.97,-178.4,0.5112,0.4916,0.5218,0.4998,0.1334,0.1219,0.0014,0.001,0.0739,0.000985,0.010654,0.000424,0.001151,0.011352,0.000592,0.002721,0.008566,0.000682,0.000785,0.008996,0.000857,0.0,0.0,0.0,0.0,0.0,0.0,0.0,0.0,0.0,0.0,0.0,0.0
158,15.8,-174.8,167.94,-178.35,0.512,0.4924,0.522,0.5007,0.1322,0.1237,0.0008,0.0006,0.071,0.000999,0.010475,0.000388,0.00116,0.011091,0.000554,0.002643,0.008411,0.000652,0.000748,0.00875,0.000836,0.0,0.0,0.0,0.0,0.0,0.0,0.0,0.0,0.0,0.0,0.0,0.0
159,15.9,-173.4,168.96,-178.07,0.5117,0.4914,0.5215,0.4991,0.1285,0.1255,0.0014,0.001,0.07,0.000983,0.010403,0.000388,0.001129,0.010909,0.000541,0.002643,0.008259,0.000638,0.000769,0.008632,0.000808,0.0,0.0,0.0,0.0,0.0,0.0,0.0,0.0,0.0,0.0,0.0,0.0
160,16.0,-176.05,169.16,-178.15,0.5112,0.4917,0.5217,0.5012,0.141,0.124,0.0008,0.0005,0.073,0.001036,0.010775,0.000406,0.001174,0.011138,0.0006,0.002709,0.008565,0.000652,0.000772,0.008856,0.000837,0.0,0.0,0.0,0.0,0.0,0.0,0.0,0.0,0.0,0.0,0.0,0.0
161,16.1,-176.44,168.38,-178.45,0.5146,0.4948,0.5224,0.502,0.1375,0.1261,0.0011,0.0007,0.0726,0.001013,0.010979,0.000396,0.001149,0.011274,0.000587,0.002657,0.008695,0.000637,0.000757,0.009013,0.000816,0.0,0.0,0.0,0.0,0.0,0.0,0.0,0.0,0.0,0.0,0.0,0.0
162,16.2,-174.9,169.57,-178.24,0.5169,0.496,0.5252,0.5039,0.1393,0.1231,0.0003,0.0002,0.0719,0.00101,0.010982,0.000419,0.001145,0.011201,0.000612,0.002722,0.008577,0.000649,0.000781,0.008964,0.000819,0.0,0.0,0.0,0.0,0.0,0.0,0.0,0.0,0.0,0.0,0.0,0.0
163,16.3,-178.07,168.68,-178.01,0.5163,0.4966,0.5254,0.5045,0.1399,0.1238,0.0009,0.0006,0.0713,0.001026,0.010804,0.000407,0.001176,0.01112,0.000613,0.002745,0.008572,0.000642,0.000793,0.008842,0.000825,0.0,0.0,0.0,0.0,0.0,0.0,0.0,0.0,0.0,0.0,0.0,0.0
164,16.4,-178.58,169.02,-177.96,0.5156,0.4974,0.5276,0.5071,0.1336,0.118,0.0206,0.0144,0.078,0.001018,0.011014,0.000422,0.001175,0.011275,0.000657,0.002756,0.008579,0.000663,0.000782,0.008955,0.000864,0.0,0.0,0.0,0.0,0.0,0.0,0.0,0.0,0.0,0.0,0.0,0.0
165,16.5,-177.86,169.03,-177.75,0.52,0.5019,0.5316,0.5111,0.1346,0.1281,0.0008,0.0005,0.0691,0.001012,0.01056,0.0004,0.001167,0.010963,0.000601,0.002717,0.008455,0.000645,0.000784,0.008684,0.000835,0.0,0.0,0.0,0.0,0.0,0.0,0.0,0.0,0.0,0.0,0.0,0.0
166,16.6,-177.54,167.4,-177.13,0.5192,0.5009,0.534,0.5131,0.1391,0.1253,0.0014,0.001,0.0751,0.00099,0.011274,0.000383,0.001183,0.011531,0.000582,0.002719,0.008798,0.000642,0.000775,0.009134,0.000843,0.0,0.0,0.0,0.0,0.0,0.0,0.0,0.0,0.0,0.0,0.0,0.0
167,16.7,-176.36,167.29,-177.21,0.5191,0.5012,0.5345,0.5139,0.1384,0.123,0.0008,0.0006,0.0732,0.001015,0.011043,0.000397,0.001209,0.011278,0.000597,0.002775,0.008556,0.000671,0.000766,0.008948,0.00088,0.0,0.0,0.0,0.0,0.0,0.0,0.0,0.0,0.0,0.0,0.0,0.0
168,16.8,-177.2,167.27,-177.4,0.5188,0.5019,0.5335,0.5136,0.1462,0.1253,0.0007,0.0005,0.0691,0.001036,0.011046,0.000389,0.001228,0.011495,0.000592,0.002729,0.00877,0.000668,0.000758,0.009083,0.000884,0.0,0.0,0.0,0.0,0.0,0.0,0.0,0.0,0.0,0.0,0.0,0.0
169,16.9,-177.14,166.76,-177.44,0.5194,0.5014,0.5346,0.5141,0.1441,0.1277,0.0006,0.0004,0.0679,0.001028,0.011255,0.00039,0.001223,0.011562,0.000598,0.002753,0.008832,0.000678,0.000768,0.009156,0.0009,0.0,0.0,0.0,0.0,0.0,0.0,0.0,0.0,0.0,0.0,0.0,0.0
170,17.0,-177.72,168.2,-177.19,0.5201,0.5025,0.5359,0.5157,0.1322,0.1306,0.001,0.0007,0.073,0.000949,0.010939,0.000384,0.00115,0.011301,0.000573,0.002733,0.008518,0.000637,0.000779,0.008948,0.000826,0.0,0.0,0.0,0.0,0.0,0.0,0.0,0.0,0.0,0.0,0.0,0.0
171,17.1,-177.98,166.87,-176.91,0.5198,0.5029,0.5386,0.5174,0.1355,0.1328,0.0004,0.0003,0.0682,0.000996,0.010843,0.000366,0.001188,0.011252,0.000548,0.002706,0.008494,0.000639,0.000761,0.008791,0.000839,0.0,0.0,0.0,0.0,0.0,0.0,0.0,0.0,0.0,0.0,0.0,0.0
172,17.2,-177.92,167.37,-177.02,0.5213,0.5045,0.5389,0.5181,0.1359,0.1391,0.001,0.0007,0.0676,0.000998,0.010903,0.000371,0.001178,0.011118,0.000565,0.002714,0.008485,0.000634,0.000768,0.008782,0.000839,0.0,0.0,0.0,0.0,0.0,0.0,0.0,0.0,0.0,0.0,0.0,0.0
173,17.3,-179.18,168.52,-176.92,0.5224,0.5059,0.5399,0.5196,0.1377,0.1337,0.0014,0.001,0.0668,0.00098,0.01078,0.000376,0.001171,0.011202,0.000571,0.002706,0.008527,0.000642,0.00077,0.008769,0.000845,0.0,0.0,0.0,0.0,0.0,0.0,0.0,0.0,0.0,0.0,0.0,0.0
174,17.4,-179.45,167.44,-177.72,0.5239,0.507,0.5393,0.5214,0.1288,0.1377,0.0005,0.0003,0.0677,0.000996,0.010629,0.000374,0.001203,0.01103,0.000583,0.002704,0.00846,0.000639,0.000767,0.008726,0.000852,0.0,0.0,0.0,0.0,0.0,0.0,0.0,0.0,0.0,0.0,0.0,0.0
175,17.5,-179.43,166.11,-177.83,0.5148,0.4971,0.5308,0.5123,0.1291,0.1241,0.0002,0.0001,0.0659,0.001003,0.010061,0.000351,0.001221,0.010571,0.000545,0.002671,0.008049,0.00064,0.000746,0.008231,0.000864,0.0,0.0,0.0,0.0,0.0,0.0,0.0,0.0,0.0,0.0,0.0,0.0
176,17.6,-174.62,167.31,-177.42,0.5091,0.49,0.5261,0.5051,0.137,0.114,0.0002,0.0002,0.0692,0.001067,0.009811,0.000371,0.00123,0.010429,0.000548,0.002688,0.007741,0.000676,0.00073,0.008,0.00089,0.0,0.0,0.0,0.0,0.0,0.0,0.0,0.0,0.0,0.0,0.0,0.0
177,17.7,-174.77,166.19,-177.1,0.5072,0.4882,0.5248,0.503,0.1317,0.1276,0.0001,0.0001,0.0686,0.001024,0.009867,0.000355,0.001202,0.010798,0.000493,0.002614,0.007957,0.000668,0.000725,0.008206,0.000863,0.0,0.0,0.0,0.0,0.0,0.0,0.0,0.0,0.0,0.0,0.0,0.0
178,17.8,-176.84,166.5,-176.88,0.508,0.4899,0.5266,0.5052,0.1353,0.1278,0.001,0.0007,0.0717,0.001013,0.010285,0.00037,0.001212,0.010927,0.000545,0.002666,0.008076,0.000676,0.000726,0.008398,0.00089,0.0,0.0,0.0,0.0,0.0,0.0,0.0,0.0,0.0,0.0,0.0,0.0
179,17.9,-173.85,166.23,-176.59,0.5063,0.4884,0.5271,0.5051,0.137,0.1174,0.0013,0.0009,0.0697,0.000972,0.010294,0.000355,0.001177,0.010843,0.000493,0.002624,0.007959,0.000654,0.00073,0.008409,0.000845,0.0,0.0,0.0,0.0,0.0,0.0,0.0,0.0,0.0,0.0,0.0,0.0
180,18.0,-173.98,165.62,-176.92,0.5097,0.4913,0.5267,0.5061,0.1417,0.1243,0.0005,0.0003,0.0695,0.00103,0.010367,0.000359,0.001216,0.010945,0.000504,0.002643,0.008077,0.000669,0.000717,0.008471,0.000868,0.0,0.0,0.0,0.0,0.0,0.0,0.0,0.0,0.0,0.0,0.0,0.0
181,18.1,-178.33,166.22,-176.45,0.5038,0.4894,0.5226,0.5042,0.1581,0.1298,0.0004,0.0003,0.0654,0.001002,0.010306,0.000331,0.001219,0.011098,0.000499,0.002646,0.008234,0.000607,0.000729,0.008584,0.000812,0.0,0.0,0.0,0.0,0.0,0.0,0.0,0.0,0.0,0.0,0.0,0.0
182,18.2,-178.23,167.16,-176.46,0.5032,0.4883,0.5229,0.5048,0.1509,0.1475,0.0003,0.0002,0.0669,0.000991,0.010288,0.000358,0.001195,0.011125,0.000526,0.002716,0.008252,0.000622,0.000778,0.008593,0.000815,0.0,0.0,0.0,0.0,0.0,0.0,0.0,0.0,0.0,0.0,0.0,0.0
183,18.3,-178.59,167.07,-175.91,0.5086,0.4942,0.5295,0.5104,0.1366,0.112,0.0001,0.0001,0.0724,0.000983,0.010694,0.000363,0.001198,0.011231,0.000549,0.00273,0.008372,0.00063,0.000747,0.008755,0.000834,0.0,0.0,0.0,0.0,0.0,0.0,0.0,0.0,0.0,0.0,0.0,0.0
184,18.4,-176.68,167.17,-176.4,0.5179,0.5013,0.5411,0.5172,0.0611,0.0664,0.0002,0.0001,0.0689,0.000936,0.010078,0.000337,0.001149,0.010443,0.000495,0.002677,0.007851,0.000602,0.000758,0.008065,0.000792,0.0,0.0,0.0,0.0,0.0,0.0,0.0,0.0,0.0,0.0,0.0,0.0
185,18.5,-179.33,165.65,-177.44,0.5232,0.5053,0.5389,0.5195,0.1107,0.1041,0.0004,0.0003,0.0716,0.001,0.009865,0.000336,0.001208,0.010416,0.000512,0.002652,0.007885,0.000653,0.000694,0.008089,0.000881,0.0,0.0,0.0,0.0,0.0,0.0,0.0,0.0,0.0,0.0,0.0,0.0
186,18.6,-177.51,164.8,-177.34,0.5226,0.5065,0.5403,0.5204,0.1272,0.1181,0.0016,0.0011,0.0682,0.001018,0.010583,0.000328,0.001238,0.010693,0.000497,0.002638,0.008136,0.000655,0.00071,0.008528,0.000884,0.0,0.0,0.0,0.0,0.0,0.0,0.0,0.0,0.0,0.0,0.0,0.0
187,18.7,-178.11,164.31,-177.09,0.5235,0.5074,0.5419,0.522,0.1316,0.1064,0.0005,0.0003,0.0682,0.001033,0.010523,0.000327,0.001251,0.010828,0.00051,0.002606,0.008221,0.000647,0.000686,0.008571,0.000886,0.0,0.0,0.0,0.0,0.0,0.0,0.0,0.0,0.0,0.0,0.0,0.0
188,18.8,-179.88,164.16,-177.13,0.5245,0.5084,0.541,0.5214,0.1401,0.1143,0.0004,0.0003,0.0694,0.00104,0.010501,0.000332,0.001245,0.010851,0.000526,0.002603,0.008292,0.000645,0.000671,0.008549,0.000887,0.0,0.0,0.0,0.0,0.0,0.0,0.0,0.0,0.0,0.0,0.0,0.0
189,18.9,-179.55,165.78,-177.65,0.5262,0.5092,0.541,0.5214,0.1358,0.114,0.0014,0.001,0.0713,0.000992,0.010547,0.000347,0.001207,0.01088,0.000545,0.002623,0.008315,0.000635,0.000712,0.008656,0.000861,0.0,0.0,0.0,0.0,0.0,0.0,0.0,0.0,0.0,0.0,0.0,0.0
190,19.0,179.9,163.31,-178.07,0.5257,0.5094,0.5415,0.5229,0.1352,0.1244,0.0005,0.0004,0.0692,0.001043,0.010572,0.000341,0.001271,0.010894,0.000552,0.002642,0.008343,0.000647,0.000705,0.008605,0.000898,0.0,0.0,0.0,0.0,0.0,0.0,0.0,0.0,0.0,0.0,0.0,0.0
191,19.1,-178.93,165.11,-177.62,0.5251,0.5082,0.5412,0.5224,0.1325,0.1193,0.001,0.0007,0.0683,0.000993,0.010603,0.00034,0.0012,0.010809,0.000538,0.002608,0.00829,0.000622,0.000718,0.008604,0.000847,0.0,0.0,0.0,0.0,0.0,0.0,0.0,0.0,0.0,0.0,0.0,0.0
192,19.2,179.22,164.78,-177.02,0.526,0.5097,0.5429,0.5248,0.1415,0.1173,0.0114,0.008,0.0711,0.000984,0.010513,0.000355,0.001223,0.010748,0.000579,0.002671,0.008132,0.000625,0.000733,0.008456,0.000861,0.0,0.0,0.0,0.0,0.0,0.0,0.0,0.0,0.0,0.0,0.0,0.0
193,19.3,-178.44,165.73,-177.42,0.5251,0.5085,0.5405,0.5214,0.1357,0.118,0.0007,0.0005,0.0707,0.001008,0.010429,0.000361,0.001218,0.010652,0.000573,0.002672,0.008079,0.000636,0.000731,0.008413,0.00086,0.0,0.0,0.0,0.0,0.0,0.0,0.0,0.0,0.0,0.0,0.0,0.0
194,19.4,-175.15,166.07,-177.36,0.5175,0.4989,0.5343,0.513,0.1336,0.118,0.0028,0.0019,0.0694,0.000992,0.01084,0.000355,0.001192,0.010731,0.000533,0.002651,0.008145,0.000648,0.000743,0.008598,0.000858,0.0,0.0,0.0,0.0,0.0,0.0,0.0,0.0,0.0,0.0,0.0,0.0
195,19.5,-175.06,166.21,-176.96,0.515,0.4971,0.5325,0.5102,0.1361,0.119,0.0128,0.009,0.0748,0.000991,0.01135,0.000362,0.00119,0.01116,0.00054,0.002667,0.008385,0.000641,0.00074,0.008958,0.000844,0.0,0.0,0.0,0.0,0.0,0.0,0.0,0.0,0.0,0.0,0.0,0.0
196,19.6,-171.91,165.66,-176.77,0.5109,0.4915,0.5313,0.508,0.1243,0.1169,0.0063,0.0044,0.0721,0.001066,0.011049,0.000359,0.001246,0.011101,0.000501,0.002734,0.008201,0.000684,0.000731,0.008754,0.000883,0.0,0.0,0.0,0.0,0.0,0.0,0.0,0.0,0.0,0.0,0.0,0.0
197,19.7,-171.92,167.0,-177.14,0.5049,0.4855,0.521,0.498,0.128,0.1262,0.0121,0.0085,0.072,0.001038,0.011064,0.000371,0.001215,0.011289,0.000517,0.002715,0.008341,0.000689,0.00075,0.00891,0.000886,0.0,0.0,0.0,0.0,0.0,0.0,0.0,0.0,0.0,0.0,0.0,0.0
198,19.8,-169.58,166.72,-177.56,0.5018,0.4806,0.5181,0.494,0.1273,0.1272,0.0259,0.0181,0.0761,0.001066,0.01092,0.000369,0.001227,0.0114,0.000476,0.002668,0.008175,0.000722,0.000725,0.008913,0.000911,0.0,0.0,0.0,0.0,0.0,0.0,0.0,0.0,0.0,0.0,0.0,0.0
199,19.9,-171.6,166.75,-177.82,0.5029,0.4824,0.5183,0.4947,0.1309,0.1228,0.0133,0.0093,0.0792,0.001059,0.011007,0.000389,0.001245,0.011343,0.00053,0.002757,0.00831,0.00072,0.000747,0.008903,0.000922,0.0,0.0,0.0,0.0,0.0,0.0,0.0,0.0,0.0,0.0,0.0,0.0
200,20.0,-170.61,165.65,-178.34,0.5069,0.4854,0.5206,0.4971,0.1238,0.1252,0.002,0.0014,0.0725,0.001112,0.010947,0.000372,0.001268,0.011305,0.000496,0.002718,0.008377,0.000723,0.000726,0.008846,0.000923,0.0,0.0,0.0,0.0,0.0,0.0,0.0,0.0,0.0,0.0,0.0,0.0
201,20.1,-172.8,166.81,-177.09,0.504,0.4848,0.5225,0.4988,0.1257,0.1276,0.0007,0.0005,0.0712,0.001017,0.01082,0.000372,0.0012,0.011233,0.000526,0.002686,0.008323,0.000688,0.000747,0.00867,0.000888,0.0,0.0,0.0,0.0,0.0,0.0,0.0,0.0,0.0,0.0,0.0,0.0
202,20.2,-171.06,168.34,-176.43,0.5017,0.4817,0.5237,0.4992,0.1306,0.1067,0.0004,0.0003,0.0736,0.000968,0.010192,0.000406,0.001145,0.010761,0.000529,0.002734,0.007838,0.000651,0.000787,0.008282,0.000799,0.0,0.0,0.0,0.0,0.0,0.0,0.0,0.0,0.0,0.0,0.0,0.0
203,20.3,-172.16,174.11,-175.82,0.4901,0.4715,0.5166,0.4919,0.1114,0.1128,0.0023,0.0016,0.0719,0.000834,0.010066,0.000455,0.001015,0.010263,0.000601,0.00278,0.007504,0.000617,0.000917,0.008117,0.000721,0.0,0.0,0.0,0.0,0.0,0.0,0.0,0.0,0.0,0.0,0.0,0.0
204,20.4,-167.46,178.24,-173.33,0.474,0.456,0.5092,0.4814,0.1142,0.1043,0.0086,0.006,0.076,0.000682,0.009902,0.000618,0.000873,0.010417,0.000721,0.002905,0.007325,0.000653,0.001071,0.008119,0.000636,0.0,0.0,0.0,0.0,0.0,0.0,0.0,0.0,0.0,0.0,0.0,0.0
205,20.5,-164.98,-177.26,-174.71,0.469,0.4499,0.5012,0.4737,0.1264,0.1282,0.0009,0.0006,0.0694,0.000603,0.01032,0.00074,0.000772,0.010995,0.000819,0.002886,0.007865,0.000685,0.001163,0.008892,0.000594,0.0,0.0,0.0,0.0,0.0,0.0,0.0,0.0,0.0,0.0,0.0,0.0
206,20.6,-166.48,-175.82,-174.98,0.4671,0.448,0.4935,0.4669,0.1411,0.139,0.0019,0.0013,0.0626,0.000569,0.010467,0.000741,0.000741,0.01129,0.000844,0.002856,0.008146,0.000678,0.001226,0.009055,0.000556,0.0,0.0,0.0,0.0,0.0,0.0,0.0,0.0,0.0,0.0,0.0,0.0
207,20.7,-163.78,-175.64,-175.2,0.4695,0.45,0.4953,0.4661,0.1403,0.1321,0.0015,0.001,0.0697,0.000576,0.010949,0.000764,0.00073,0.011647,0.000863,0.002897,0.008424,0.000698,0.001213,0.009414,0.000561,0.0,0.0,0.0,0.0,0.0,0.0,0.0,0.0,0.0,0.0,0.0,0.0
208,20.8,-167.1,-176.12,-175.43,0.4719,0.4523,0.4973,0.4694,0.1386,0.1327,0.0003,0.0002,0.072,0.000644,0.010842,0.000712,0.000797,0.011522,0.000864,0.002977,0.008384,0.000694,0.001192,0.009234,0.000589,0.0,0.0,0.0,0.0,0.0,0.0,0.0,0.0,0.0,0.0,0.0,0.0
209,20.9,-166.46,-178.8,-176.02,0.4755,0.4547,0.4948,0.4668,0.1364,0.1306,0.0183,0.0128,0.0826,0.000745,0.01052,0.000678,0.00089,0.011525,0.000773,0.00293,0.008225,0.000701,0.001036,0.009086,0.000675,0.0,0.0,0.0,0.0,0.0,0.0,0.0,0.0,0.0,0.0,0.0,0.0
210,21.0,-167.74,174.41,-176.54,0.4773,0.4552,0.4922,0.4657,0.1344,0.1086,0.0197,0.0138,0.0807,0.000871,0.010165,0.000532,0.001009,0.011452,0.000625,0.002787,0.008128,0.000679,0.000884,0.008809,0.000752,0.0,0.0,0.0,0.0,0.0,0.0,0.0,0.0,0.0,0.0,0.0,0.0
211,21.1,-164.08,167.94,-178.23,0.475,0.4519,0.4867,0.4629,0.1333,0.1133,0.0085,0.006,0.0769,0.001064,0.009674,0.000465,0.001218,0.01091,0.000504,0.00274,0.007753,0.000783,0.000759,0.008309,0.00092,0.0,0.0,0.0,0.0,0.0,0.0,0.0,0.0,0.0,0.0,0.0,0.0
212,21.2,-161.17,162.42,-178.62,0.4724,0.4487,0.4838,0.4604,0.1215,0.1157,0.006,0.0042,0.0755,0.001088,0.008889,0.000365,0.001276,0.010271,0.00038,0.002519,0.007098,0.00082,0.000619,0.007672,0.000972,0.0,0.0,0.0,0.0,0.0,0.0,0.0,0.0,0.0,0.0,0.0,0.0
213,21.3,-161.5,158.93,-177.58,0.4663,0.4414,0.4799,0.4555,0.1245,0.1169,0.0023,0.0016,0.0742,0.001261,0.009174,0.000305,0.001413,0.010349,0.000324,0.002465,0.007143,0.000942,0.000501,0.007588,0.001116,0.0,0.0,0.0,0.0,0.0,0.0,0.0,0.0,0.0,0.0,0.0,0.0
214,21.4,-158.0,148.06,-178.29,0.4687,0.4438,0.48,0.4558,0.0939,0.0985,0.0006,0.0004,0.069,0.001485,0.008967,0.000159,0.001634,0.010121,0.000162,0.002233,0.006862,0.001194,0.00035,0.007138,0.001263,0.0,0.0,0.0,0.0,0.0,0.0,0.0,0.0,0.0,0.0,0.0,0.0
215,21.5,-149.98,135.39,175.83,0.4752,0.4471,0.4685,0.4503,0.1023,0.1134,0.0005,0.0003,0.0614,0.002035,0.007929,7.6e-05,0.002019,0.009739,8.9e-05,0.002017,0.006694,0.001555,0.000321,0.00687,0.001368,0.0,0.0,0.0,0.0,0.0,0.0,0.0,0.0,0.0,0.0,0.0,0.0
216,21.6,-144.77,127.48,175.64,0.4629,0.4381,0.4604,0.441,0.1088,0.157,0.0008,0.0006,0.0555,0.001747,0.007583,7.4e-05,0.001809,0.009344,9.8e-05,0.001586,0.006294,0.001624,0.000269,0.006427,0.001268,0.0,0.0,0.0,0.0,0.0,0.0,0.0,0.0,0.0,0.0,0.0,0.0
217,21.7,-144.02,129.01,176.81,0.4632,0.4361,0.4655,0.4491,0.1829,0.1411,0.0224,0.0157,0.0532,0.001773,0.007256,8e-05,0.001788,0.009067,0.000102,0.001542,0.005729,0.001592,0.000275,0.005902,0.001247,0.0,0.0,0.0,0.0,0.0,0.0,0.0,0.0,0.0,0.0,0.0,0.0
218,21.8,-147.72,129.32,178.03,0.4561,0.4319,0.4605,0.4432,0.1796,0.1511,0.0326,0.0228,0.0588,0.001572,0.00743,7.2e-05,0.001672,0.009069,9.5e-05,0.001521,0.005795,0.001589,0.000211,0.006186,0.001249,0.0,0.0,0.0,0.0,0.0,0.0,0.0,0.0,0.0,0.0,0.0,0.0
219,21.9,-146.63,129.71,178.64,0.453,0.4283,0.4593,0.4403,0.192,0.1407,0.0328,0.023,0.0603,0.001648,0.007506,7.4e-05,0.001708,0.009157,9.3e-05,0.001539,0.005779,0.001527,0.000249,0.006037,0.001214,0.0,0.0,0.0,0.0,0.0,0.0,0.0,0.0,0.0,0.0,0.0,0.0
220,22.0,-146.8,130.63,179.43,0.4512,0.4266,0.4612,0.4396,0.1709,0.1494,0.0077,0.0054,0.0594,0.001603,0.00683,6.9e-05,0.001674,0.008933,9.4e-05,0.001533,0.005618,0.001547,0.000222,0.005794,0.001236,0.0,0.0,0.0,0.0,0.0,0.0,0.0,0.0,0.0,0.0,0.0,0.0
221,22.1,-147.05,130.93,-179.23,0.4472,0.4225,0.4616,0.4415,0.1932,0.1341,0.0017,0.0012,0.0568,0.001555,0.007168,6.8e-05,0.001627,0.009358,9.5e-05,0.001425,0.0059,0.001548,0.000225,0.006008,0.001219,0.0,0.0,0.0,0.0,0.0,0.0,0.0,0.0,0.0,0.0,0.0,0.0
222,22.2,-145.31,130.13,-179.4,0.4478,0.4228,0.4629,0.4423,0.2031,0.1308,0.0021,0.0014,0.0526,0.001619,0.007104,6.9e-05,0.001646,0.009346,9.5e-05,0.001409,0.00585,0.001533,0.000224,0.00598,0.001198,0.0,0.0,0.0,0.0,0.0,0.0,0.0,0.0,0.0,0.0,0.0,0.0
223,22.3,-141.26,128.16,-177.4,0.4452,0.4216,0.4665,0.4427,0.182,0.1106,0.0015,0.0011,0.0504,0.001609,0.006628,9e-05,0.001632,0.009115,0.000136,0.001335,0.005522,0.00173,0.000256,0.005627,0.001284,0.0,0.0,0.0,0.0,0.0,0.0,0.0,0.0,0.0,0.0,0.0,0.0
224,22.4,-141.99,124.39,179.97,0.4483,0.4243,0.4669,0.446,0.1829,0.1208,0.0091,0.0064,0.0455,0.001642,0.006907,9.4e-05,0.001655,0.008766,0.000134,0.00133,0.005515,0.00175,0.000339,0.005648,0.001272,0.0,0.0,0.0,0.0,0.0,0.0,0.0,0.0,0.0,0.0,0.0,0.0
225,22.5,-145.25,127.34,179.66,0.4493,0.426,0.4627,0.4416,0.1727,0.1156,0.0022,0.0015,0.0448,0.001513,0.007116,6.9e-05,0.001551,0.008491,9.2e-05,0.001313,0.005596,0.001527,0.000278,0.005681,0.001207,0.0,0.0,0.0,0.0,0.0,0.0,0.0,0.0,0.0,0.0,0.0,0.0
226,22.6,-142.96,127.05,179.32,0.4538,0.4332,0.4629,0.443,0.2048,0.1117,0.0026,0.0018,0.0465,0.00149,0.006621,7.9e-05,0.001535,0.008193,0.000105,0.001267,0.005224,0.001582,0.000229,0.005421,0.001197,0.0,0.0,0.0,0.0,0.0,0.0,0.0,0.0,0.0,0.0,0.0,0.0
227,22.9,-166.08,163.04,-177.29,0.4081,0.3909,0.4245,0.4046,0.1216,0.1108,0.0011,0.0008,0.0646,0.001011,0.008135,0.000259,0.001142,0.008996,0.000316,0.002303,0.00634,0.000647,0.000575,0.006673,0.000806,0.0,0.0,0.0,0.0,0.0,0.0,0.0,0.0,0.0,0.0,0.0,0.0
228,23.0,-169.72,161.79,-174.29,0.3996,0.388,0.4306,0.4108,0.1219,0.1004,0.0011,0.0008,0.0611,0.000896,0.007929,0.000231,0.001098,0.008431,0.000318,0.002218,0.005865,0.000633,0.000572,0.006227,0.000826,0.0,0.0,0.0,0.0,0.0,0.0,0.0,0.0,0.0,0.0,0.0,0.0
229,23.1,-163.96,162.37,-173.72,0.3983,0.3843,0.4346,0.4128,0.1169,0.1004,0.0018,0.0013,0.0639,0.000903,0.007594,0.00029,0.001091,0.008224,0.000316,0.002266,0.0055,0.000685,0.000575,0.006071,0.000825,0.0,0.0,0.0,0.0,0.0,0.0,0.0,0.0,0.0,0.0,0.0,0.0
230,23.2,-161.93,161.2,-174.84,0.3986,0.3839,0.4317,0.411,0.1145,0.099,0.0013,0.0009,0.0649,0.000972,0.007746,0.000273,0.001151,0.008318,0.000292,0.002319,0.00558,0.000741,0.000566,0.00623,0.000885,0.0,0.0,0.0,0.0,0.0,0.0,0.0,0.0,0.0,0.0,0.0,0.0
231,23.3,-164.82,163.33,-173.79,0.3989,0.3857,0.4325,0.4104,0.1138,0.0964,0.0013,0.0009,0.0678,0.000868,0.007537,0.000283,0.001063,0.008147,0.000323,0.002344,0.005487,0.000664,0.00062,0.006113,0.000811,0.0,0.0,0.0,0.0,0.0,0.0,0.0,0.0,0.0,0.0,0.0,0.0
232,23.4,-165.61,163.76,-175.2,0.4028,0.3881,0.4304,0.4106,0.1084,0.0995,0.0008,0.0006,0.0713,0.000903,0.007354,0.000289,0.001099,0.008041,0.000355,0.002383,0.005448,0.000656,0.000597,0.00605,0.000823,0.0,0.0,0.0,0.0,0.0,0.0,0.0,0.0,0.0,0.0,0.0,0.0
233,23.5,-164.89,165.68,-174.71,0.4029,0.3894,0.4322,0.4114,0.1105,0.0966,0.0009,0.0007,0.0649,0.000904,0.007513,0.000288,0.001074,0.008215,0.000352,0.0023,0.005587,0.000658,0.000599,0.006074,0.000825,0.0,0.0,0.0,0.0,0.0,0.0,0.0,0.0,0.0,0.0,0.0,0.0
234,23.6,-165.06,163.32,-174.62,0.4055,0.3909,0.4338,0.4124,0.1152,0.1056,0.0006,0.0004,0.0679,0.00094,0.007739,0.000279,0.001137,0.008596,0.000339,0.002344,0.005828,0.000696,0.00059,0.00634,0.000868,0.0,0.0,0.0,0.0,0.0,0.0,0.0,0.0,0.0,0.0,0.0,0.0
235,23.7,-163.39,161.21,-174.49,0.4054,0.3897,0.4342,0.414,0.1043,0.0839,0.0009,0.0006,0.0669,0.001042,0.007475,0.000261,0.001223,0.008373,0.000316,0.002313,0.005535,0.000757,0.000539,0.006014,0.000942,0.0,0.0,0.0,0.0,0.0,0.0,0.0,0.0,0.0,0.0,0.0,0.0
236,23.8,-162.23,164.31,-174.88,0.4032,0.3878,0.4304,0.409,0.1136,0.1029,0.0003,0.0002,0.0643,0.00088,0.007779,0.000295,0.001051,0.008504,0.000337,0.002256,0.005772,0.000649,0.000592,0.006291,0.000799,0.0,0.0,0.0,0.0,0.0,0.0,0.0,0.0,0.0,0.0,0.0,0.0
237,23.9,-161.66,161.98,-175.01,0.4011,0.3844,0.4305,0.4083,0.1175,0.1061,0.0004,0.0003,0.0643,0.000904,0.007834,0.000298,0.001098,0.00852,0.000325,0.002268,0.005773,0.000703,0.00058,0.00631,0.000855,0.0,0.0,0.0,0.0,0.0,0.0,0.0,0.0,0.0,0.0,0.0,0.0
238,24.0,-165.4,162.77,-175.49,0.4033,0.3878,0.4287,0.4082,0.1171,0.0958,0.0005,0.0003,0.0681,0.000993,0.007566,0.000284,0.001166,0.008354,0.00035,0.002393,0.005709,0.000721,0.000592,0.006172,0.000906,0.0,0.0,0.0,0.0,0.0,0.0,0.0,0.0,0.0,0.0,0.0,0.0
239,24.1,-166.52,164.08,-174.78,0.3999,0.3852,0.431,0.4105,0.1182,0.0974,0.0008,0.0006,0.0696,0.000881,0.007532,0.000278,0.00107,0.00829,0.000333,0.00229,0.005656,0.000635,0.000583,0.006163,0.00079,0.0,0.0,0.0,0.0,0.0,0.0,0.0,0.0,0.0,0.0,0.0,0.0
240,24.2,-164.56,162.56,-173.47,0.4022,0.3887,0.4372,0.4144,0.1013,0.0815,0.001,0.0007,0.0681,0.000918,0.007496,0.000263,0.001113,0.008184,0.00031,0.00233,0.005422,0.00067,0.000617,0.005917,0.000832,0.0,0.0,0.0,0.0,0.0,0.0,0.0,0.0,0.0,0.0,0.0,0.0
241,24.3,-164.17,161.12,-174.83,0.402,0.3868,0.4339,0.4116,0.0975,0.0839,0.0007,0.0005,0.0683,0.000987,0.00708,0.000289,0.001154,0.008169,0.000307,0.002324,0.005463,0.000696,0.000575,0.005866,0.000834,0.0,0.0,0.0,0.0,0.0,0.0,0.0,0.0,0.0,0.0,0.0,0.0
242,24.4,-164.76,166.0,-174.85,0.4031,0.3886,0.4327,0.41,0.1013,0.0986,0.0006,0.0004,0.0689,0.000855,0.007299,0.000336,0.001022,0.008233,0.000355,0.002333,0.005579,0.000658,0.000629,0.006094,0.000783,0.0,0.0,0.0,0.0,0.0,0.0,0.0,0.0,0.0,0.0,0.0,0.0
243,24.5,-168.11,168.8,-176.43,0.4087,0.3937,0.4308,0.4106,0.1165,0.1015,0.0008,0.0005,0.0666,0.000842,0.00697,0.000304,0.000978,0.007776,0.000369,0.002257,0.005441,0.000578,0.000624,0.005844,0.000718,0.0,0.0,0.0,0.0,0.0,0.0,0.0,0.0,0.0,0.0,0.0,0.0
244,24.6,-167.15,165.52,-176.49,0.4089,0.395,0.4313,0.4106,0.1148,0.1008,0.0007,0.0005,0.0673,0.000888,0.00696,0.000286,0.00107,0.007863,0.000339,0.002276,0.005451,0.000611,0.000611,0.005908,0.00076,0.0,0.0,0.0,0.0,0.0,0.0,0.0,0.0,0.0,0.0,0.0,0.0
245,24.7,-167.97,164.98,-176.32,0.4066,0.391,0.4312,0.4113,0.1088,0.0995,0.0007,0.0005,0.0688,0.000882,0.007212,0.000285,0.00106,0.007836,0.000389,0.002359,0.005412,0.000582,0.000636,0.005827,0.000755,0.0,0.0,0.0,0.0,0.0,0.0,0.0,0.0,0.0,0.0,0.0,0.0
246,24.8,-172.85,160.93,-175.17,0.408,0.3948,0.4349,0.4142,0.1294,0.102,0.0006,0.0004,0.0631,0.000958,0.007446,0.000234,0.00112,0.008184,0.000332,0.002247,0.005815,0.000598,0.000584,0.005969,0.000791,0.0,0.0,0.0,0.0,0.0,0.0,0.0,0.0,0.0,0.0,0.0,0.0
247,24.9,-167.18,160.91,-175.19,0.4097,0.3953,0.4376,0.4158,0.108,0.0983,0.0001,0.0001,0.0644,0.000841,0.006886,0.000246,0.001037,0.007611,0.000292,0.002197,0.00523,0.000589,0.000583,0.005717,0.000731,0.0,0.0,0.0,0.0,0.0,0.0,0.0,0.0,0.0,0.0,0.0,0.0
248,25.0,-170.1,162.45,-173.59,0.408,0.3948,0.439,0.4173,0.1152,0.0958,0.0002,0.0001,0.07,0.000936,0.007171,0.000268,0.001116,0.007955,0.000313,0.002309,0.00539,0.000675,0.000568,0.00576,0.000832,0.0,0.0,0.0,0.0,0.0,0.0,0.0,0.0,0.0,0.0,0.0,0.0
249,25.1,-166.92,156.97,-173.7,0.4092,0.3971,0.4441,0.4225,0.1127,0.0896,0.0004,0.0003,0.0675,0.000987,0.006949,0.000225,0.001208,0.007767,0.000252,0.002293,0.005153,0.00073,0.000528,0.00564,0.000882,0.0,0.0,0.0,0.0,0.0,0.0,0.0,0.0,0.0,0.0,0.0,0.0
250,25.2,-168.62,158.76,-174.28,0.408,0.3948,0.4392,0.4185,0.1215,0.0964,0.0005,0.0003,0.0657,0.00099,0.007174,0.000241,0.001185,0.00791,0.000279,0.002256,0.005385,0.000698,0.000534,0.005731,0.000862,0.0,0.0,0.0,0.0,0.0,0.0,0.0,0.0,0.0,0.0,0.0,0.0
251,25.3,-165.43,163.2,-174.47,0.4066,0.3934,0.4382,0.4173,0.1117,0.087,0.0018,0.0012,0.0688,0.000853,0.006998,0.000252,0.001042,0.007664,0.000301,0.002181,0.005102,0.000609,0.000561,0.005615,0.00076,0.0,0.0,0.0,0.0,0.0,0.0,0.0,0.0,0.0,0.0,0.0,0.0
252,25.4,-163.78,164.16,-174.27,0.4084,0.3942,0.4364,0.4146,0.1071,0.091,0.0001,0.0001,0.0723,0.000919,0.007265,0.000294,0.001097,0.007997,0.000335,0.002323,0.005345,0.00067,0.000588,0.005806,0.000823,0.0,0.0,0.0,0.0,0.0,0.0,0.0,0.0,0.0,0.0,0.0,0.0
253,25.5,-166.11,162.98,-174.67,0.4095,0.3955,0.4378,0.4151,0.1136,0.0986,0.0001,0.0,0.0694,0.000902,0.007267,0.000281,0.001111,0.008224,0.000314,0.002279,0.005601,0.000688,0.000582,0.006051,0.000836,0.0,0.0,0.0,0.0,0.0,0.0,0.0,0.0,0.0,0.0,0.0,0.0
254,25.6,-167.05,163.41,-173.81,0.4095,0.3961,0.4413,0.4185,0.1136,0.097,0.0003,0.0002,0.0667,0.000857,0.007339,0.000284,0.001056,0.008088,0.000337,0.002316,0.00551,0.000632,0.000622,0.005998,0.000786,0.0,0.0,0.0,0.0,0.0,0.0,0.0,0.0,0.0,0.0,0.0,0.0
255,25.7,-168.86,164.88,-174.12,0.4078,0.3964,0.4388,0.4183,0.1202,0.0925,0.0005,0.0004,0.0667,0.000834,0.007325,0.000285,0.001015,0.007886,0.000372,0.002273,0.005357,0.000563,0.000616,0.005805,0.000717,0.0,0.0,0.0,0.0,0.0,0.0,0.0,0.0,0.0,0.0,0.0,0.0
256,25.8,-167.24,165.98,-174.0,0.4104,0.3958,0.4423,0.4182,0.1146,0.0922,0.0004,0.0003,0.0691,0.000813,0.007091,0.00033,0.000986,0.007801,0.000383,0.002299,0.005314,0.000583,0.000634,0.005818,0.000708,0.0,0.0,0.0,0.0,0.0,0.0,0.0,0.0,0.0,0.0,0.0,0.0
257,25.9,-165.81,166.66,-174.14,0.4076,0.3944,0.4383,0.4159,0.1112,0.0938,0.0019,0.0013,0.0685,0.000752,0.00648,0.000325,0.000919,0.007289,0.000356,0.002248,0.004847,0.000579,0.000638,0.005423,0.000688,0.0,0.0,0.0,0.0,0.0,0.0,0.0,0.0,0.0,0.0,0.0,0.0
258,26.0,-168.04,168.08,-176.74,0.4058,0.3908,0.4255,0.406,0.1114,0.0977,0.0035,0.0024,0.0688,0.000848,0.007092,0.000301,0.000955,0.007475,0.000381,0.002241,0.005236,0.000544,0.000618,0.00574,0.000677,0.0,0.0,0.0,0.0,0.0,0.0,0.0,0.0,0.0,0.0,0.0,0.0
259,26.1,-164.93,166.6,-176.95,0.4056,0.3903,0.4229,0.4023,0.1072,0.1015,0.0009,0.0006,0.07,0.00075,0.006602,0.000267,0.000875,0.007226,0.000309,0.002074,0.005027,0.000489,0.000568,0.005555,0.000592,0.0,0.0,0.0,0.0,0.0,0.0,0.0,0.0,0.0,0.0,0.0,0.0
260,26.2,-167.04,163.74,-174.53,0.4004,0.3876,0.4318,0.4128,0.1055,0.0853,0.0198,0.0139,0.0744,0.000828,0.006515,0.000298,0.001035,0.007291,0.000315,0.002296,0.004786,0.000608,0.000595,0.00538,0.000719,0.0,0.0,0.0,0.0,0.0,0.0,0.0,0.0,0.0,0.0,0.0,0.0
261,26.3,-169.82,172.65,-174.2,0.3898,0.3749,0.4173,0.3986,0.1091,0.098,0.005,0.0035,0.0699,0.00062,0.006147,0.000323,0.000742,0.007076,0.000364,0.002017,0.004806,0.000427,0.000627,0.005216,0.000478,0.0,0.0,0.0,0.0,0.0,0.0,0.0,0.0,0.0,0.0,0.0,0.0
262,26.4,-165.61,171.32,-173.51,0.3757,0.3623,0.4077,0.3865,0.0975,0.0933,0.0005,0.0003,0.0702,0.000652,0.006253,0.000348,0.000801,0.006958,0.000391,0.002195,0.004618,0.000469,0.000664,0.005192,0.000526,0.0,0.0,0.0,0.0,0.0,0.0,0.0,0.0,0.0,0.0,0.0,0.0
263,26.5,-167.34,167.26,-174.09,0.3725,0.3592,0.4035,0.3823,0.1011,0.0955,0.0119,0.0083,0.0717,0.000727,0.006682,0.000325,0.000859,0.007279,0.000374,0.002187,0.004892,0.000454,0.000655,0.005376,0.000519,0.0,0.0,0.0,0.0,0.0,0.0,0.0,0.0,0.0,0.0,0.0,0.0
264,26.6,-167.87,171.44,-173.22,0.3708,0.3577,0.403,0.38,0.1257,0.0995,0.0278,0.0194,0.0658,0.000652,0.007155,0.000356,0.000772,0.007396,0.000396,0.002143,0.005041,0.000451,0.000696,0.005592,0.000499,0.0,0.0,0.0,0.0,0.0,0.0,0.0,0.0,0.0,0.0,0.0,0.0
265,26.7,-168.17,168.74,-173.72,0.3729,0.3609,0.4042,0.3822,0.0988,0.0927,0.0006,0.0004,0.0632,0.0007,0.006922,0.000306,0.000831,0.007338,0.000365,0.002088,0.005029,0.000474,0.000653,0.005468,0.00056,0.0,0.0,0.0,0.0,0.0,0.0,0.0,0.0,0.0,0.0,0.0,0.0
266,26.8,-164.6,169.79,-174.88,0.3721,0.3586,0.4003,0.3795,0.0982,0.0915,0.0005,0.0004,0.0693,0.000806,0.006326,0.000375,0.000921,0.007249,0.000399,0.002328,0.004808,0.000537,0.000668,0.005336,0.000607,0.0,0.0,0.0,0.0,0.0,0.0,0.0,0.0,0.0,0.0,0.0,0.0
267,26.9,-162.63,168.85,-175.24,0.3747,0.3612,0.3978,0.3783,0.0974,0.0951,0.0034,0.0024,0.0697,0.000749,0.006422,0.000378,0.000877,0.007323,0.0004,0.002188,0.004899,0.000472,0.000636,0.005454,0.000512,0.0,0.0,0.0,0.0,0.0,0.0,0.0,0.0,0.0,0.0,0.0,0.0
268,27.0,-168.82,168.73,-175.05,0.375,0.3628,0.4009,0.3829,0.1237,0.1091,0.0111,0.0078,0.0638,0.000636,0.006545,0.000288,0.000783,0.007489,0.000351,0.001972,0.005156,0.000421,0.0006,0.00568,0.000498,0.0,0.0,0.0,0.0,0.0,0.0,0.0,0.0,0.0,0.0,0.0,0.0
269,27.1,-166.96,168.27,-172.67,0.374,0.3614,0.4142,0.3927,0.1103,0.0915,0.0052,0.0036,0.0657,0.000703,0.006696,0.000323,0.000882,0.007468,0.000369,0.002161,0.00494,0.000463,0.000619,0.005497,0.000535,0.0,0.0,0.0,0.0,0.0,0.0,0.0,0.0,0.0,0.0,0.0,0.0
270,27.2,-166.87,171.28,-173.43,0.3788,0.3659,0.41,0.3889,0.1068,0.098,0.0006,0.0004,0.0616,0.000603,0.006719,0.000303,0.000723,0.007212,0.000363,0.002014,0.004993,0.000428,0.000646,0.005495,0.000498,0.0,0.0,0.0,0.0,0.0,0.0,0.0,0.0,0.0,0.0,0.0,0.0
271,27.3,-168.07,166.69,-174.48,0.3761,0.363,0.4037,0.3835,0.1147,0.0966,0.0023,0.0016,0.0627,0.000698,0.00682,0.000285,0.000828,0.007324,0.000328,0.001984,0.005088,0.000474,0.000614,0.005475,0.000565,0.0,0.0,0.0,0.0,0.0,0.0,0.0,0.0,0.0,0.0,0.0,0.0
272,27.4,-165.93,175.57,-172.73,0.3714,0.3595,0.4036,0.3824,0.0993,0.0842,0.0014,0.001,0.0636,0.000566,0.006516,0.000347,0.00068,0.007071,0.000415,0.002043,0.004747,0.000393,0.000716,0.005236,0.000401,0.0,0.0,0.0,0.0,0.0,0.0,0.0,0.0,0.0,0.0,0.0,0.0
273,27.5,-165.9,177.96,-174.15,0.3728,0.3602,0.4018,0.38,0.1069,0.1005,0.0011,0.0008,0.0641,0.000471,0.006072,0.00038,0.000592,0.0067,0.000412,0.00195,0.004629,0.0004,0.000713,0.005243,0.00039,0.0,0.0,0.0,0.0,0.0,0.0,0.0,0.0,0.0,0.0,0.0,0.0
274,27.6,-165.55,179.07,-175.93,0.3693,0.3547,0.3925,0.3737,0.1071,0.1074,0.0005,0.0003,0.0686,0.00053,0.005973,0.000443,0.000626,0.006718,0.000476,0.002169,0.00467,0.000451,0.000792,0.005315,0.000428,0.0,0.0,0.0,0.0,0.0,0.0,0.0,0.0,0.0,0.0,0.0,0.0
275,27.7,-166.44,177.98,-174.47,0.3646,0.352,0.392,0.3713,0.1098,0.1183,0.0173,0.0121,0.0655,0.000521,0.007133,0.000435,0.000634,0.00724,0.000521,0.002208,0.00504,0.000441,0.00086,0.005874,0.000398,0.0,0.0,0.0,0.0,0.0,0.0,0.0,0.0,0.0,0.0,0.0,0.0
276,27.8,-166.95,174.95,-173.68,0.3629,0.3494,0.3948,0.3734,0.1015,0.0899,0.0372,0.0261,0.0783,0.000701,0.007349,0.000474,0.000794,0.007548,0.000573,0.002487,0.004999,0.000565,0.000813,0.005821,0.000605,0.0,0.0,0.0,0.0,0.0,0.0,0.0,0.0,0.0,0.0,0.0,0.0
277,27.9,-166.71,179.86,-173.01,0.3645,0.3533,0.3988,0.377,0.1273,0.1054,0.0385,0.027,0.0742,0.000517,0.007223,0.000473,0.000614,0.007419,0.00063,0.002301,0.004962,0.000544,0.000821,0.005885,0.000558,0.0,0.0,0.0,0.0,0.0,0.0,0.0,0.0,0.0,0.0,0.0,0.0
278,28.0,-167.47,175.07,-173.54,0.3674,0.3555,0.4021,0.3805,0.1136,0.1075,0.0417,0.0292,0.0787,0.000626,0.007349,0.000462,0.000735,0.007567,0.000561,0.002387,0.00502,0.000566,0.000772,0.005933,0.000615,0.0,0.0,0.0,0.0,0.0,0.0,0.0,0.0,0.0,0.0,0.0,0.0
279,28.1,-165.85,174.78,-173.63,0.3708,0.3572,0.4008,0.3801,0.12,0.1217,0.0438,0.0306,0.0739,0.000653,0.007446,0.000445,0.000748,0.007573,0.000554,0.002384,0.005,0.000571,0.00076,0.005909,0.000642,0.0,0.0,0.0,0.0,0.0,0.0,0.0,0.0,0.0,0.0,0.0,0.0
280,28.2,-167.42,173.01,-173.34,0.3705,0.3606,0.4042,0.3827,0.1136,0.1115,0.0113,0.0079,0.0698,0.000659,0.006986,0.000399,0.000798,0.007438,0.000506,0.002367,0.004987,0.000552,0.000746,0.005637,0.000643,0.0,0.0,0.0,0.0,0.0,0.0,0.0,0.0,0.0,0.0,0.0,0.0
281,28.3,-168.44,169.25,-173.48,0.3721,0.3614,0.4076,0.387,0.12,0.114,0.0439,0.0307,0.0794,0.000741,0.007909,0.00039,0.000905,0.008126,0.000533,0.002491,0.00536,0.000606,0.00073,0.006283,0.000746,0.0,0.0,0.0,0.0,0.0,0.0,0.0,0.0,0.0,0.0,0.0,0.0
282,28.4,-166.34,170.55,-172.21,0.3731,0.3621,0.4093,0.3894,0.1125,0.118,0.0006,0.0004,0.07,0.000713,0.0068,0.000398,0.000878,0.007452,0.000477,0.002452,0.004915,0.000609,0.000737,0.005471,0.000725,0.0,0.0,0.0,0.0,0.0,0.0,0.0,0.0,0.0,0.0,0.0,0.0
283,28.5,-170.65,168.18,-171.8,0.3696,0.3594,0.4098,0.3894,0.1249,0.1116,0.0032,0.0023,0.0764,0.000775,0.007472,0.00034,0.000944,0.007892,0.000435,0.00241,0.005229,0.000601,0.000663,0.005748,0.000748,0.0,0.0,0.0,0.0,0.0,0.0,0.0,0.0,0.0,0.0,0.0,0.0
284,28.6,-167.12,166.07,-172.14,0.37,0.3574,0.4096,0.3898,0.1157,0.1096,0.0248,0.0174,0.0763,0.000794,0.007624,0.000363,0.000996,0.008045,0.000437,0.002415,0.005144,0.000662,0.000646,0.005866,0.000811,0.0,0.0,0.0,0.0,0.0,0.0,0.0,0.0,0.0,0.0,0.0,0.0
285,28.7,-167.88,165.71,-171.94,0.3693,0.3592,0.4107,0.3913,0.1276,0.1069,0.0205,0.0143,0.0748,0.000811,0.007225,0.000329,0.00103,0.007943,0.000394,0.002401,0.005049,0.000632,0.00063,0.005711,0.000779,0.0,0.0,0.0,0.0,0.0,0.0,0.0,0.0,0.0,0.0,0.0,0.0
286,28.8,-168.99,164.1,-172.56,0.3753,0.3646,0.4134,0.3943,0.1167,0.1106,0.0397,0.0278,0.0807,0.000833,0.007569,0.000323,0.001037,0.008126,0.000431,0.002439,0.005207,0.000644,0.000616,0.006049,0.000826,0.0,0.0,0.0,0.0,0.0,0.0,0.0,0.0,0.0,0.0,0.0,0.0
287,28.9,-169.42,164.32,-172.43,0.3748,0.3648,0.4144,0.3939,0.1201,0.1083,0.0343,0.024,0.0829,0.000866,0.007709,0.00033,0.001098,0.008308,0.000447,0.002508,0.00534,0.000674,0.000619,0.006167,0.00087,0.0,0.0,0.0,0.0,0.0,0.0,0.0,0.0,0.0,0.0,0.0,0.0
288,29.0,-170.02,165.15,-172.92,0.3757,0.3647,0.4123,0.3928,0.1179,0.1081,0.0157,0.011,0.078,0.000886,0.00734,0.000347,0.001113,0.008105,0.000455,0.002532,0.00531,0.000667,0.000638,0.005853,0.000846,0.0,0.0,0.0,0.0,0.0,0.0,0.0,0.0,0.0,0.0,0.0,0.0
289,29.1,-168.77,163.98,-173.0,0.3781,0.367,0.4143,0.3943,0.1152,0.1098,0.035,0.0245,0.0808,0.000847,0.0076,0.000323,0.00105,0.008084,0.000435,0.002453,0.005243,0.00062,0.000615,0.006044,0.000796,0.0,0.0,0.0,0.0,0.0,0.0,0.0,0.0,0.0,0.0,0.0,0.0
290,29.2,-168.26,161.09,-173.77,0.3785,0.3675,0.413,0.3934,0.1244,0.116,0.0232,0.0162,0.0788,0.000991,0.007487,0.000295,0.001214,0.008167,0.000397,0.002513,0.005363,0.000715,0.000576,0.005966,0.000929,0.0,0.0,0.0,0.0,0.0,0.0,0.0,0.0,0.0,0.0,0.0,0.0
291,29.3,-166.79,163.47,-173.65,0.3801,0.3679,0.4131,0.3948,0.1322,0.11,0.0311,0.0217,0.0799,0.000939,0.007832,0.00031,0.001125,0.008205,0.000424,0.002455,0.005312,0.000684,0.000571,0.006016,0.000891,0.0,0.0,0.0,0.0,0.0,0.0,0.0,0.0,0.0,0.0,0.0,0.0
292,29.4,-167.2,160.15,-173.99,0.3825,0.3706,0.416,0.3968,0.1266,0.1143,0.0221,0.0155,0.0788,0.000965,0.007963,0.000271,0.001173,0.008256,0.000376,0.002405,0.00548,0.000693,0.000547,0.006152,0.000908,0.0,0.0,0.0,0.0,0.0,0.0,0.0,0.0,0.0,0.0,0.0,0.0
293,29.5,-169.86,162.37,-173.55,0.3877,0.376,0.4202,0.4019,0.1188,0.1124,0.0238,0.0166,0.0754,0.000893,0.007526,0.000277,0.001098,0.008211,0.0004,0.002361,0.005416,0.000656,0.000572,0.005965,0.000873,0.0,0.0,0.0,0.0,0.0,0.0,0.0,0.0,0.0,0.0,0.0,0.0
294,29.6,-172.79,160.91,-173.93,0.393,0.3838,0.4259,0.4084,0.1259,0.1196,0.0228,0.016,0.0726,0.000919,0.008121,0.000297,0.001153,0.008589,0.000474,0.002445,0.005785,0.000654,0.000601,0.006395,0.000901,0.0,0.0,0.0,0.0,0.0,0.0,0.0,0.0,0.0,0.0,0.0,0.0
295,29.7,-174.69,162.19,-173.85,0.402,0.3927,0.434,0.4168,0.1305,0.1252,0.0203,0.0142,0.0752,0.000911,0.008127,0.000332,0.001123,0.008686,0.000557,0.002464,0.005968,0.000642,0.000603,0.006467,0.000909,0.0,0.0,0.0,0.0,0.0,0.0,0.0,0.0,0.0,0.0,0.0,0.0
