participant_id,Overall,RecommendHiring,Colleague,Engaged,Excited,EyeContact,Smiled,SpeakingRate,NoFillers,Friendly,Paused,EngagingTone,StructuredAnswers,Calm,NotStressed,Focused,Authentic,NotAwkward,Total
p1,5.229731562336,5.010622414048,5.1333004249559995,5.554137978101,5.204389015411,5.886611859187,3.457615974017,5.0865589795410004,3.677166473066,5.2254783559849995,5.680046790524,5.1147909377289995,4.7891580046149995,5.135107543307,5.135075959402,5.884522637357,5.761051274415,5.247753366771,92.21311955077
p10,4.67251152548,4.545935470754,4.56078812389,4.881274056326,4.338394688919,4.666602530782,5.08790084281,5.102536873711,2.677818282683,5.774780274004,5.761490949295,4.981910736874,3.457596013125,4.144518500869,4.354291134293,5.426788560368,5.882388881232,4.014021962814001,84.33154940823
p11,4.901043000317,4.45328038921,4.683720040987,4.895785369798,4.129776047319,3.562930217992,4.4412682899350004,5.389546144859,3.124042620255,4.24623063693,5.781959031851001,4.342675262945,4.681446592015,5.00290858603,4.976349535235,5.771777581176,5.791858727172,4.444721087134,84.62131916116
p12,5.203852589729999,5.192522086241,5.630169891313,5.54703111305,5.232252595511,5.229124911726,6.5545336677809996,5.549607811749,4.8964112310540004,6.436301290995,5.440596577758,5.44523864256,4.23189479661,5.620262948752,5.754080929135,5.646458442867,6.1991893986480004,4.774835103837001,98.58436402932
p13,4.32512513498,4.43255215907,4.328864035171,4.659815000376,3.257951004715,4.780335243422,4.038653575142,4.271199384358001,3.6769524996069998,4.112027395488,5.884735266153,2.596796737501,4.691606339181,5.5469679452389995,5.2337753891570005,5.775925215917001,5.693636740840001,3.795360112807,81.10227917912
p14,5.580135366035,5.692049301639,5.881055961119,6.004893524744,5.320461943897,5.140361052078,5.476886166769001,5.206782795291,4.068969108759,6.231536811668,6.237215246812999,5.905344206945,5.367303503772,5.793629021098,5.696548614449,5.682638569969,5.889940186487,5.8970077654,101.0727591469
p15,4.562531884309,4.096372317208,4.225032022025,5.542906829565,4.753809348758,3.146833614241,4.984185964133,5.389546144859,1.441211232111,5.217953168224,5.244907410303,4.3378982597719995,3.790089704833,4.98159409313,5.007041698156,5.016895392285,5.324781567325,3.886085352885,80.94967600412
p16,5.118199437371,5.334720093792,5.439074010003,6.124257893055,6.004992879697,5.892605915325,6.215854457271,4.947690066827,3.1571751057619997,6.326966089966,5.872615532378,5.434030486026,4.462732782069,5.5633848314989995,5.466763160105,6.214987631041,6.330464993684,5.558230677681,99.46474604355
p17,4.2332304660540006,3.9867051980329995,5.099375330027,5.426704854438,4.532393689848,5.4535709623579995,5.465784103184999,5.204674683377,3.9221033333850004,6.108019342206,5.894177581729,4.875222535527,4.252388447566,4.337808369204,4.567379302533,5.66805073146,6.331661508529,3.7972582200989997,89.15650865955999
p20,4.223654567617,3.884469388924,4.970253480140999,4.548111211650999,3.9001915031179997,4.463165505158,4.665361718382,5.314209819381,3.575525103394,4.980404635404,5.873994436777,3.8894828067410003,3.6725696030400004,5.53013559853,5.418828625892,4.910174563879,5.313730108171,4.532328522952,83.66659119915
p21,3.433252171655,3.424399530193,4.120505182183,4.898940167615001,4.857800636938999,5.654012570529,5.139460559604,4.951327848284,2.464383071631,5.337712385753,5.6494652574429995,4.543856006215,2.880873146245,4.200232978888,3.986149649712,5.306388733079,6.213526594477,3.6571453726,80.71943186305
p22,5.229356410776,4.9978915955589995,4.993636495451,4.898940167615001,3.9937948964660004,4.890461927466,4.884475468233999,4.904481259933,3.706072996124,4.336244591073,5.859690180362,3.55620510515,4.575560066436,5.341205700825,5.020529234374,5.78032252977,5.875599580843,5.433095726662,88.27756393311999
p24,5.777173303692,6.001571666404,5.673303596655,6.007286554433,6.001493975978,5.805367615561,6.043726667033,4.721527835631,4.468477352611,6.656263386472,6.015912983982,6.091414269143,4.7854596392049995,5.978303818694,5.857769053034,6.208548008293,6.320313838421,5.688297420383,104.10221098560001
p25,5.0016636518810005,4.986769721353,5.422631337469,5.223750674843,5.204111863294,3.936481063995,5.329878378716,4.791765021419,2.265871530818,5.226243597731,5.564989437318,4.670942794447,4.465014861926,4.900726356573,5.020802386978,5.651561952404,5.992273458331001,4.110372023152999,87.76585011265
p27,5.020000084069,4.674608220442,4.698873833239,5.662245080381,4.334079775399,5.109741814259,4.11017803872,4.980276320665,4.757779389026,4.763113259979,5.237718610843,4.670730165650999,5.235963065424,5.755101970827,5.993758483433,5.793234809163,5.983690910326,4.674436932842,91.45553076469
p29,5.119001740281,5.110441311797,5.436206765170001,5.544529140249,4.450085225745,4.701455267987,5.244290876085,5.058298193427,4.695869655031,5.327795855032,6.125533122615,5.346070823045,4.701152235113,6.330135305069,6.110794345375,5.768189723372,6.309326902585999,5.757644356174,97.13682084415
p3,4.241489217174999,4.243306990037,4.901043000317,5.5616075934180005,5.760158567429,5.442686147714,5.806217275172,5.351628608696,3.133245849049,6.550032877226999,4.779154954828,5.662123092399,3.59121988684,4.547653726578,5.552121455482,5.454982872237,5.901496032424,4.8923550435430005,91.37252319056
p30,3.364357955615,3.018966091988,3.376838867428,3.684773792992,2.7017186632990002,3.777718226795,5.125941439481,4.154194498091,4.5728215753359995,4.250753131862,5.332236121779,2.03043040744,3.659713349546,4.553579887894,4.113186019554,4.34322250852,5.13409377699,2.558584540875,69.75313085548001
p31,4.557767820678,4.653062038369,4.649215445248,5.106145447806,5.332994428642,4.654540203239,5.435520340256,5.423325096409,3.6735714621219997,5.09466683884,5.641646730296,5.093984116647,4.572572824873999,5.428404524329,5.321779803149,5.7684516010880005,5.43419899654,4.648163748302,90.49001146683
p32,6.229487349634001,6.214885632085,6.4182985469350005,5.9010560451869996,5.906934933724,5.777622119569,6.772840513158999,5.057608322541,3.693612393329,6.772840513158999,5.783214366867,6.098211754597,5.239823147181,5.546293333461,6.109992042466,6.429234838489,6.554125576805999,5.7822731352479995,106.2883545644
p33,5.027781577806,5.001738726928,5.110756477797,5.473261789065,5.230290190791,4.591592355415,6.004694774988,5.196478242256999,3.032944323527,6.207138864652,5.032454652497,6.114822521635,4.807688543471,4.147351517794,4.5946205620130005,5.240636808232,6.441540277151001,4.5844048834299995,91.84019708945
p34,5.549048991179,5.656476015269,5.3279307934030005,5.661927630220999,5.884916849292,5.115186505174,5.445967708011,5.056149020615,4.228975556068,6.317421775434,5.345901953558,5.4195595851,4.350915597265,5.217223604377,5.335455981162999,5.981847256707001,6.11112403399,5.422618170363,97.42864702719001
p35,5.763083569831,5.443390989428,5.113351791584,5.970893798535,5.116482600862,5.804989176423,6.126681112827,5.242479784023,5.346206880188,6.1117871822989995,6.106333863711,5.446963367343,4.695273468811,5.759542775822,5.875599580843,6.417904335,6.543728315085,4.690395632941,101.5750882256
p37,5.1232568403880006,5.326780385079,5.555974395327,5.660712055001,5.234645625200001,4.8112292152450005,6.346735840372,5.133593458007001,4.244785249388,6.448303158535,5.997088876637,5.655279500423999,4.787347827117999,5.00639877561,5.2356419125430005,5.438035357927,6.544122527019999,4.880311522449,97.43024252226999
p4,4.449449445111,4.4530128721499995,4.450070703130001,5.449449445111,4.226134323401,4.28578483967,4.585215010808,5.073800014854,2.811144466161,5.3369883861669996,5.117744701629,4.239273648876,4.568837924196,5.106519019504001,5.556608366997,5.33241358317,5.965836395517,4.6452908679250005,85.65357401438
p42,5.210850302686,5.210047999776,4.9977824434630005,5.9897692605540005,4.879071022405,5.360015245703,5.0195199659659995,5.099355771201,4.647418920901,5.334561878816,5.762953341368,5.1337047065390005,3.583849946468,5.56002958029,5.352528087608,5.74430241538,5.8991723551829995,5.451659204933,94.23659244924
p43,5.668396192871,5.5621656836249995,5.245243178228,5.792414801388,5.0054200310470005,5.36433361895,5.112212752248,5.355883708804,4.554832456671,5.345432398408,5.654317278904,5.990262827442,5.456130636558,5.975199126911,5.757644356174,6.310445727005,6.220764520622,5.758169506967,100.12926880282001
p44,4.454177925324,4.552752307952,4.673797163543,4.669714695697,3.679197546054,4.774606515334,4.353077250139,4.598383359721,3.445017354256,4.351848839033,5.761226747567,3.234334245175,4.4381280147330004,6.335930487676,6.000652303676,5.54002982744,5.553481136665,5.091853944023,85.50820966401
p45,5.657853469676001,5.8658639258809995,5.11935290484,5.563772933447,5.745162637945,6.215395722016,5.765920396147,4.759907391848,5.003498260143,6.090049659796,5.682350534907,6.0825155211599995,5.016626547469,4.784524050227001,5.203624900071,5.881793097133,5.87345552918,5.419953153459,99.73162063535
p47,3.786221407333,3.556075094943,3.6887542618810003,4.470194252924999,3.017145675122,4.822255910876001,4.891274821082,4.864497679756,3.244267884083,4.577171492635999,5.449676491195,3.6615313125299997,3.4416008009579997,5.438375990211,5.220527880086999,5.088240288715999,5.888986366748,3.656497252937,78.76329486402
p48,4.443873711683,4.216714224842,4.45748072329,4.562694407073,3.779090431508,6.456252624539999,4.253570791133,5.2282216341279995,4.862057092557,4.260665832203,5.657453554592999,3.804476149582,3.9143810356990003,5.664429603021,4.987983071597,5.0871918793479995,5.423524044455,4.6563663140789995,85.71642712533
p49,5.118459422869,4.996138468252,4.777781394605,5.991391571239,5.443357511766,5.793992483297,5.345942488339,4.9470001959409995,4.693924002456,5.343353996472,4.299114903525,5.228503463586,3.470412090811,5.788254765352,5.796359395491001,5.893916952655,6.121194854824,5.3305749799490005,94.37967294143
p5,5.345767015187,5.4571557999980005,5.677248834334,5.990305686235,4.770706218787,6.569427598309,3.8920479473519998,5.492718068841,5.788174118567,5.564911869128,5.588632626708,4.669552295169,5.458251442294,6.213048798847,5.991637261685,6.432208591415,6.102006993043,5.762983798866,100.7667849648
p50,5.2394588155160005,4.8963118761010005,4.364992164022,5.133320291747,3.8994165678850004,5.024954681714,4.139138778712001,5.202527695183,4.12336924175,3.7987339030519998,5.307684602876,4.339597807428,5.302627199859,6.661158388961001,6.325880204962,5.637411816971,5.554316917237,5.343641444127,90.29454239809999
p52,3.8991191067510003,3.461703113085,3.695972069129,4.016924332187,3.348414743237,5.357914116637,2.029287784604,4.451429434402,3.461964804761,3.3627952400870003,6.101529075178,2.814870645066,4.132473587626,5.907749950285,5.465673247454,5.117280074643,5.3450955289,4.01266276312,75.98285961715
p53,5.118476589488,5.231944902643,5.111410136982,5.236838427387,4.783837206285,4.0061319298789995,5.4450964677960005,5.091890261865,2.147243815689,5.545415149089,5.036048544669,4.785432054813,4.471024567085999,5.217994323381999,4.889155762130001,5.444210458956,5.883862548193,5.329546986466,88.7755601328
p55,4.888530504599,4.8650761455869995,5.307812937582,5.544399679136,4.431819144804,5.54009435076,5.529202715735,4.9006848950799995,3.124693758543,5.758483008312,5.7526257843019994,4.988088773274,4.572967036809,5.10102162925,5.234839609633,5.879677863136,6.10092699977,4.8914581510040005,92.41240298731
p56,4.4589821647640004,3.977438347974,4.449273003457,5.111894752994,3.66516515462,3.8125509673380003,4.332814975998,4.480305482859,3.689555399402,5.016044338852,5.898301742979,3.472067273305,4.014499718593,4.792683540876,4.574202897847,5.2323518282290005,5.765108268341001,3.0335394748980002,79.77677933333
p57,6.558097094820001,6.664721815999999,6.539821320391999,6.549244453357,6.214032684895,6.339249702013,6.441817429267,4.939177681993,5.4768629208420005,6.661158388961001,6.442160996922,6.427907384787,6.002620075772,5.910896694446,5.7989827588419995,6.772840513158999,6.206845525266,6.553731364872,112.5001688066
p58,4.219910095687,4.236246647518,4.655559083006,5.2181884300500005,3.5527104176610003,5.010114806034,5.564371321699,4.377592294132,5.119562474492,5.344699961456,6.000478506025,3.032318595354,4.247985241982,5.634108469912,5.650955111673,5.448038407714,5.765778276883,4.764381534537,87.84299967582
p59,4.149571678481999,4.022945395489,4.237487459919,3.9181384471710006,5.015663294023,3.899429281536,4.805246972242,5.618199607678,3.912840830965,5.66756587871,5.336732980707,5.216960331301,3.789183885372,5.317209953053,5.332210004285,4.571631758638,5.539298868232001,4.901587374326001,85.25190400213
p6,5.010651231715,4.78314817722,4.886059472128,5.102038454713,4.5648259352060006,4.233180466887999,3.919422667458,4.492489068485,3.692032941437,4.3495374992830005,5.002782250409,4.226198846721,4.682624462495999,5.88289772252,5.882438987265,5.661942047508,5.43718582209,5.529597734086,87.33905378763
p60,4.786537928843,4.8831596002360005,5.016977580619001,5.572848811602,5.441999012406,3.432818803648,5.682552343809,4.761096804761,3.555474600935,6.009971465882,5.22270828098,5.440983542452,3.8071194074780004,4.748492672176,4.990227995809,5.5479518312869995,5.8996483792909995,4.441876249439,89.24244531165
p61,4.019482840999,3.3597480129650004,4.224904869141,3.974589227034,2.8045424428850003,4.135963671878001,4.482385528073,4.784328818801,4.673744105231,3.811401969743,5.456873534432001,2.709840772412,4.144701561752,5.356006477945,5.55847678414,4.5661676201559995,4.887219238166,3.8964730433550003,76.84685051911
p62,4.771919794922001,4.771117492012,4.76226485055,5.641006827915,4.666673171724,5.467148381313001,4.557086284862001,4.761858845447,4.007067578913,5.209237911379001,5.654722887961,4.873650991358,3.89826335406,5.028184005483,5.131926420968,5.114427567089,5.975199126911,4.763778815554,89.05553430842
p63,5.208307917339,4.74754932091,5.17794067771,5.427711922609,3.7909424899359996,5.341064964824,4.8932923478740005,4.380348209032,3.23480232258,5.315654832891,5.640549448169,4.231123851715,3.676316841209,5.449375970915,5.348499199414,5.546177237209,6.198336451458,5.322206954498,88.93020096029
p64,4.873896974042,5.087605151658,4.317978510132,5.337798904819,4.3388821458199995,5.009887759951,2.589139255374,5.2325501651629995,4.2455445074650004,4.131347713723001,3.947721024205,4.0141321624,3.969357836245,5.895966414689999,5.443258156813,5.753425605295,5.661711001912,4.796296453571,84.64649974328
p65,5.1224229535740005,5.123406839622,5.230833863712,5.583802269775,4.2530601239740005,5.803696554353,4.34677826891,4.430303347658,3.703039648042,5.435568340533,5.131094011898,4.899971598946999,4.263501493131,6.2257813888580005,6.216928747395,5.461512899062,6.563239973749999,5.217731050305,93.01267337350001
p66,5.651747657291,5.782285472738,4.88995670953,6.319329952373,6.22141565891,5.673109802343,6.084351938386,5.223385652592,2.4520177112150003,5.860937461722,5.09450856006,5.202227797129,4.351540977032,5.547987536941,5.669672710925,5.6311578991090006,5.653901940689,5.756750067787,97.06628550677
p67,5.783677449761,5.424203005412,4.426818252056,6.01728960422,5.67368392955,6.559741070031,6.229946084889,5.242479784023,4.120432537602,5.746545664091,4.983959782896,6.311673825754999,4.343546976733,5.775620281650999,6.213901746037,5.993363465083,5.9801406519319995,6.324781567325,101.15180567899999
p69,3.7770640293619997,3.7788818022240003,3.677839634854,3.783471519111,3.012548133767,4.2512164703540005,4.010451675542,3.628791212995,3.381650931336,3.9013968635110006,6.107561962461,2.4574769138979997,3.9039453696899997,6.3104773109100005,6.203852589729999,4.12607121295,5.1285247664460005,3.986887493106,75.42810989224999
p7,5.679930374281,5.447346734645,5.020417664166,5.899873409383,4.988604973191,6.563154497837,4.879259662661999,5.241447854325,5.692916127869,5.350456862011,6.004631607177,4.794138360782,5.557242669885,6.100791295588,5.873631808747,6.219747572924,6.226003506778,5.527204704397,101.06679968659999
p70,4.670074076000001,4.229815146031,4.885225585313,4.898333326884,5.0266866196910005,4.440173454055,5.364856877525,4.724323633813,4.358583311128,5.884817494339,6.21818978556,3.995889757641,4.908800063289,3.6876800980730002,3.896849364384,5.020988091865,6.120701287937,3.012880051912,85.34486802544
p71,4.78643857389,4.8938655979800005,5.014575836792,4.466468493243999,4.451357622051001,4.358503726946,5.887601448384,5.223071639371,4.212803108400999,5.889894079967,5.3242149132489995,4.133945671514001,4.672711816786,5.103445911625,5.3233889467280004,5.655900758443,5.999441909792,4.6643446653559995,90.06197472052
p72,4.572726274526,4.455296200649,4.558784646141,5.119713280141,3.903536729622,5.0129164649449995,5.038647332074,4.869213699737,3.356543898623,4.57531530464,5.8727663380270005,4.246757143232,4.576919910459,4.666205485593,4.565622053478,5.7804445177520005,5.7768297360380005,3.895114812163,84.84335382783999
p73,5.660926577555,5.204311324985,5.103727892869999,5.341645375705,5.002620075772,5.117074693087,5.335919667782,5.283078880667,5.8819986688100006,5.787249827675,5.232596353287,5.220198092437,5.450660377243,6.109189739555999,6.3343904051769995,5.980650741863,6.4379565410940005,5.344625330175,99.82882056574
p74,5.211090393639,4.991981245352,5.205539423735,5.3273727031950004,4.6571966282399995,5.567418548821,5.681608992543,5.322720019597,5.1122170322819995,5.439940836233,5.779684105134001,4.320457727668,4.564128690398,5.764994390774,5.551744948413,5.460975410779,6.0933669803770005,4.8947801953839996,94.94721827256
p76,5.789520632644001,5.795268582323,5.666204972084,5.357341609142,4.695210301001,5.887660268555,6.124863339964,5.056149020615,6.32481450674,5.235486234899,6.022692242757,5.232815514847,5.6534318472919995,6.665413489069,6.548785718102001,6.216838343318,5.992273458331001,6.443603618224,104.7083736999
p77,5.015798232393,4.570513483313,5.020451666184,5.002649956042,4.90684564842,4.339274010544,4.793485037369,5.175651856578,3.5703034309149997,5.12721860111,6.228962198841,5.0044032055839995,4.574113323385,6.18994254525,5.8675983051700005,5.134373011446,5.566348787282,5.877142619702,91.96507591953
p78,4.564231431965,4.573115657333,4.6634731791310005,4.780953897288,4.887405749468,5.332683262154999,5.333905789165,4.697908460956,5.136451738309001,5.229175365885,5.571268617098999,4.012014581192,3.8325814020370004,4.880321754184,5.110236255167,5.13932381227,5.659464185481,4.3312851643000005,87.73580030339
p79,4.7826983928410005,4.784516165703,5.0950125369890005,5.993571972131,5.450473865939999,4.261754428226,5.6997913037490004,5.2798995803410005,4.0097714659429995,6.350081710451,4.99884801945,5.303357609973,3.9794399319669997,4.758222379238,4.695652619884,5.329094368833,6.544122527019999,4.340843258835,91.65715213751
p8,4.682408236306999,4.574289539147999,4.567844344661,5.66053236562,4.223397310045,5.442917193311,3.457292754361,4.7953324352590005,2.264427783107,5.099635315525,5.350466433262,4.115706890643,4.257497972608,5.466272840945,5.005170676861001,5.882373820370001,5.989634322184,4.910466133283,85.7456663675
p80,4.878938728037,4.5524025556600005,4.777144902038001,6.417102032091,5.4287228548019995,5.780582515268,6.338487933885,5.53546814048,4.703461389739,6.316352077698999,5.453404859109,5.751372021512,3.476562654207,5.661660066264,5.880737630646,5.663548254177,6.416410359022,5.326987205399,98.35934618003999
p81,5.34967854764,5.455319382773,5.884916849292,5.139096766186,4.890786786953,5.3339000860170005,5.426504171858,4.531986662995,3.488038137961,5.560309079617,5.039465410322999,5.321116141331,5.146399215651,5.463567827507,5.4757006339059995,5.671477411164,5.781316647553,5.155275103041999,94.11485486177
p83,5.8846003277820005,5.753718944681,6.308504610651,6.088471977888,6.007237803909,5.674527886013,6.454344447601,5.242479784023,4.341832716622,6.656263386472,6.130984737567,5.991289572283,5.2372444126060005,5.430453986363,5.884766850058,5.991981245352,6.4384816918870005,5.874026020682,105.39121040239999
p84,5.895405680479,6.228206002452,6.205443316509,6.006892342498,5.774806391498,5.9965787867069995,6.3481139383550005,5.345266403677,4.453483256915,6.560379494668,5.89541839413,6.107671236792,5.351848839033,5.652459319386,6.107230918336,6.113712525857,6.437892017774,5.132753985797001,105.61356285090001
p85,5.231955134377,4.994449030095,5.116659354873,5.65531108433,5.315908739079999,5.653980986624,4.896464321581,4.685419639407,3.5706998723799996,5.5529606458670004,4.596039937388,4.3188871520009995,4.237642746289,4.897716728861,5.331711509234,5.771085908107,5.9992292809959995,5.0969158848,90.92303795629
p86,4.3474838516959995,3.8959260021440003,4.8789071441319996,5.553581365638,5.224584067598,5.449785539635,5.6941442266190005,5.067152637072001,3.476396816111,6.009577253947,5.665432133432001,5.335606102632,3.224920388012,5.322898627567,5.329480464061,5.100418910267,6.109864351335,4.69330399308,90.37946387498
p89,4.573714282321999,4.212393247444,4.555530493371,3.9154392422089996,3.785341413998,4.23803795476,4.566521656282,5.170436996571,3.46965122358,5.544808308358,5.324355771485,4.661729418710999,3.114449073711,5.649461135695001,5.755101970827,5.095421908822,5.754299667918,4.651567418816,84.03826118488
pp1,4.895152516901,4.5704025334809995,4.465271788279,4.7991692701440005,4.222309947297,6.233115299993,2.7885961050150003,5.540755170285999,4.154648141875,4.233672034691,5.994529202437,4.338725089468,4.814580135722,6.091336578718,5.8677405189159995,5.787442230708,5.224652870952,4.889314163145,88.91141359803001
pp10,4.443933306839,4.114696411904999,4.55620510515,4.545921117272,4.886662689508,5.013537722963,3.4705800630779997,4.904939995188,1.5711087291649999,4.670548582512,5.326672814384,4.436088539963,3.9161986863259997,5.2101969116680005,4.788762089044,5.530224883834999,5.76273810842,4.34553520378,81.494550961
pp11,5.681716563238,5.226887499625,5.546611663934,5.671614158498,4.881586040075,5.120239786442999,4.467732814906,5.250564796629,4.444347345714,5.2306134494280005,6.335161124181,5.355037114511999,5.365383731953,5.526714385237,5.527173120492,5.994954998278,6.214885632085,5.44363520213,97.28485942736
pp12,5.013819640403,5.121246664493,5.455722545583,5.987726145244,5.1046974838659995,5.359993581176,5.810871352539,5.567556654474,4.5706199914050005,6.003311748841,6.10996045856,5.30800839976,5.020926627690001,5.1120085650850005,5.327664916173999,5.8762064215750005,6.317552714292001,5.209840630363,98.27773454152
pp13,4.429498917982,4.428515031933999,4.436250524479,4.761619161766,3.5415120863040004,5.29948436111,3.757619241227,4.8564106108419995,4.468970797264,3.671637526661,6.332825795892,2.674396947155,4.456058517871,5.109733412477,4.4377157788120005,5.650384497935,5.113894108995,3.9736670980680002,81.40019441677
pp14,5.69406253668,5.678476933083,5.361262214707,6.4553283336480005,5.987726145244,5.570229901218,5.907032518695,5.515331120354,5.7039852520380006,6.2399952411960005,5.992193874148,6.320526467218,5.590207890505,5.663264672082,6.102975818229,6.230683864478,6.019547364319,6.432504926142,106.465335074
pp15,4.226045910577,3.889965423668,4.441390277917,5.218673046061999,3.913475256088,3.697192892504,5.2192870676859995,4.603751462017,2.915028052238,5.319951210392,5.015224331077,3.8734766446130005,3.977148901234,4.680808558652,4.905697240524001,5.218848519214,5.432189531040001,4.238693024674999,80.78684735018001
pp16,5.443783307606,5.429873263126,5.211222850093,5.9949688773170005,4.983846612708,5.771214080727001,5.013819640403,5.1223273428909994,4.194910994181,5.757532599926,5.102860840749,6.077336936576,4.423095320879,5.878512932197,5.66095816146,6.073773509538,6.65081177152,4.905407252521,97.69625629442001
pp17,5.66498633772,5.547556263843,5.2302991416669995,5.885096538673,5.312230560453,5.361139641861,6.2402927023300006,5.282119120769,4.138928726314,6.213791116197,6.202075351649,5.638770854578,4.692906556617,5.3313747619609995,5.448804835838,5.991391571239,6.08750727445,4.887644390431,99.15691574659
pp20,4.19969536683,3.877524924401,3.885356524171,4.319736565603,3.8697667988260003,4.094494396699,5.316039555703,5.085522808916,3.779767328317,5.2271718881360005,5.466325026775,3.8926630676309997,3.989837257493,4.656701583607,4.666557881888,4.5440242984740005,5.766237012138,3.8661483143920004,80.5035706
pp21,5.005120570828,5.115016506068001,4.67766986485,5.340675906944,5.101908764498,5.995544672391,5.431154290317,4.801768071206,2.467465668633,5.868968617665,6.000510089931,5.203819650314999,4.595088370379,5.759542775822,5.55682153404,5.775684575869,5.894209165634,4.67454094779,93.26551004318
pp22,4.9964365729610005,4.997238875871,5.0981156473719995,4.913171684968001,4.449477029504,4.4778800662960005,4.656870413243,4.712715459886001,5.347764667552,4.656068110334,6.093632857606,4.556826363168,5.334692631635,5.674401068903,5.23588779311,5.786852556595,5.32465557983,4.870521413815,91.18320879264999
pp24,6.01513814323,6.002030401659001,6.004312801507,6.337767320914,5.768979624986001,5.908119210114,6.242277641044,5.389546144859,5.578971790605,6.549574141972,6.121013271686,6.110149098818001,5.472629711152,5.568674045923,5.4523627964650005,6.315237252794001,6.332251182642,6.003302797965,107.1723373783
pp25,4.902266977319,5.007907812451,5.103922643114,6.124109787578,5.107852819930001,5.557710356016,5.554726525807,4.658265137408,2.2515332085810003,5.771378121086,5.305544831246,4.999735249178,5.112695700394,4.577683516175,4.792528613479,5.018535019858,5.790340640419,4.587419171137,90.22415613118
pp27,4.465276617407,4.465276617407,4.550599369217,4.917324786119,4.225474234237,5.329006439037,5.753459671117,4.486125856462,4.916571007843,5.6453080345430005,4.92669665851,4.858375893765,4.913232208775,5.773700280731,5.156176760904001,5.143605445014,5.440108930735,4.234523464285,89.20084227611
pp29,5.229356410776,5.4426058531370005,5.1266988176920005,5.995349210213,4.884387698986,5.471817919119,5.57776256211,4.974918923243,3.2473080525470004,5.766237012138,5.777897916176,5.442016179024,5.26188688468,5.432503448397,5.225001955714999,5.862296377095,5.6720718506,5.669829863298,96.05994693494999
pp3,4.80112693274,5.02419784175,4.9220098038149995,5.906328092993,5.989438860005,5.457421677227,6.028027146017,4.873119185588,3.6981851165290003,6.544122527019999,4.680479635848,5.448334742441,4.026777504976,5.22964504327,6.223051848634,5.352450850636,5.236585386045,5.3358600726250005,94.77716226816
pp30,3.771669566715,3.6489502784149996,4.866765034649999,4.9658240332890005,3.782418987995,4.79903681369,5.686280399367,4.602031717741,4.770900203221,4.8933547406999995,6.3260426054900005,2.817099152906,3.2146498211649996,4.201748401519,4.425706445775,4.9877960112010005,5.4360826466939995,3.082030356055,80.27838721658
pp31,4.878350409434001,5.092402154704,4.975430816082,5.8859633649030005,5.549574141972,5.242490269841,6.103268031207,5.174961985692,3.783638684962,5.124699461691,5.438891300458,5.547005875869,4.016855528833,4.993685558331,4.902089706049,5.647623373806001,5.984170183701,4.484073678606,92.82517452613999
pp32,5.26515214149,5.50628772821,5.99547006322,5.282248394642222,6.123213011061111,5.542476267446666,6.11590766252,4.648692946160001,4.296165219692223,6.123854430976667,4.782896098963334,5.6090291682622215,5.150500667907778,4.265969892506667,4.770443567615555,5.74165487097,5.748384844503333,4.6340506639,95.60239764004444
pp33,6.113318313922,6.219943035102,6.434393114055,6.124257893055,6.244792658715,5.789714391187,6.669779219017,4.80418713303,4.700000123154,6.8794652343400005,5.581512594551,6.549179930037001,5.029600706178,5.213887223422001,6.335586920022,6.547983415192999,6.661552600896,6.112121799077,108.011276305
pp34,5.23824958702,4.894118761557,5.111441720888,5.663745403083,5.559283916177,4.466871465934,5.361029276893,5.023986152202999,4.0053709043620005,5.565031865856,5.130609586007,4.899993528346,5.22122136212,4.441897763696,4.332168350732,5.658293788131,5.777428361027001,4.675761687911001,91.02650348194
pp35,5.239963657291,5.464018452348,5.4658362252099995,5.7891751712329995,5.335490812796,5.022213424376,6.018418308165,5.206782795291,4.791283453439,6.002722074728,5.913072104124,5.544924829929,5.673025318131,5.329151419022,5.212069450559,6.001440727546,6.452952470578,4.87787450756,99.34041520230001
pp37,5.670942794447,5.433436690165,5.870559344444,5.876010959396,5.541453388368,5.780971024055001,5.982143591434,5.534778269594,4.900916115602,6.20884434302,6.004500668318999,5.772442179476,5.139724331077,5.215282488023,5.333514864809,6.194702487133,6.319724164308,5.660024919692001,102.4399726234
pp4,5.335586920022,5.321676875542,5.118760171582,6.1935059722890005,5.65639432533,5.766567412687,5.240579343569999,4.900610540662,3.0421332572699997,5.657474318604001,4.914376084335,5.005492149733,4.2428482547819995,4.680916904331999,4.556929341472999,5.540571501276,5.887637797611999,4.206534129677,91.26859530077999
pp42,5.876210543322999,5.8658639258809995,5.753379498774001,5.790130117379,5.320132255283,6.215854457271,4.22168475737,5.389546144859,6.428709687696999,4.762200556332,6.108395849275,5.652699959434,5.778039323506,5.899435402369,6.447075059786,6.225792983737,6.117461657782,6.4291038996309995,104.2817160797
pp43,5.131340118357,5.010805352696,5.34728005154,5.358755412778001,5.10018922018,5.574667939974001,5.323736217103,5.163313546047,4.257394270017,5.470059863648,6.351283153459,5.116233559032,5.364187217109,5.774617751241,5.673018849172,5.905234932614,5.915936930845,4.782476813168,96.62053119897999
pp44,5.106080510012,4.859767870788,4.559233271896,5.244494554006,4.090723722481,6.225296772846,4.763714880309,4.038257273786,4.335968019480999,5.1068498735070005,6.084120126979,4.524373353799,4.886738743902,6.314843040859,5.989109171391,5.658591249265,6.10780217565,5.2141287921210004,93.11009340308
pp45,5.553897887148,5.543551269706,5.218801286286,5.991048003584,5.425152370644,6.228962198841,3.5140152090839996,4.82397760221,5.566082144242,5.096345393298,4.90970812793,5.759511191915999,5.117790702821,4.983338297315,4.769223384234,6.201142109880999,5.332785799358,5.203675544352,95.23900852285
pp47,4.250422569227,3.91894075008,4.3541361670450005,4.469219733765,3.46833520267,4.275422904007,2.8888846801490002,4.570934072547,3.708654429333,4.047669743541,5.989737676649,3.364773832077,4.588189890141,4.243413395344,3.816080623808,4.265483022031001,5.895458928911,3.4814429442410004,75.59720056557
pp48,3.6888033247609995,3.1414411675869998,3.4767838749070004,3.6722151907529996,2.7947854995570003,4.459237972345,5.020646065759,4.522012919927,3.9226282317909997,4.441060253529,5.535768380607999,2.802951716106,3.470517243394,5.220581459739,5.2220754357170005,4.464934112355,4.8896577308,4.666061670997,75.41216225063
pp49,5.0109073516519995,4.888910193919,4.879598817201,5.755081981801,5.08336393059,5.685971663346,4.032827199904,4.528415136539,5.147611503292,5.308737228473,4.985571625109,4.963559887400001,3.560251698209,6.099988992679,5.891226461833,6.2046410136,6.317946926227,5.322697273659,93.66730888543
pp5,5.3530993449210005,5.583997731953,5.689638567085,5.800762601075,4.7889609610359996,6.679291949643999,5.117349485522,5.202527695183,5.154335619878,5.5652744971570005,6.218959149053999,4.681992672201,4.94271945507,5.793280584464,5.351203881632999,6.32597808217,5.788503807182,5.80408593716,99.8419620224
pp50,5.577004140745,5.1264301772400005,3.8120342843929995,5.883570335214,4.784964368682,6.336520161789,3.906120941454,4.832824655502,6.024715397176,4.234872671283,5.79102430211,5.440524807197,5.360457267794,6.54418705034,6.219255483781,6.442555208856,5.654091936456,5.7758597290300004,97.74701291904
pp52,4.005795182607001,3.9962508680749997,4.103038112019,4.208612531613,3.330791272485,4.91652383872,3.481025134956,4.868135461213,4.11873264182,4.5682990804029995,5.762228728884,2.901138233522,3.14167546091,5.674609575951,5.455843995318,5.121509482577,5.765352481043,4.4532652607430006,79.87282734286
pp53,5.439482100978,5.203762185653,5.320551941136,6.322020443196,5.6599982871500005,5.78639517685,5.35864519808,5.515031469684,2.427251605954,5.335525455847,4.5632467395009995,5.446113064156,4.572087043474,5.542729906422,5.660962283208,6.2014856775360006,6.213901746037,5.442540686241,96.01173101110001
pp55,5.341596625180999,5.342580511229,5.563905766062,5.020724696553001,4.679514067564,5.898188469135,5.925746060003,5.206782795291,4.713078924822,5.692726867235001,5.696485446638,4.8896637463040005,5.4512184674499995,6.228930614936,5.659942691507,5.884128425422,6.000621258018,5.884962312237,99.0807977456
pp56,4.443783307606,4.316808919198,4.981388521452,5.196429080934,4.122268832593,5.326734278559,4.904005517336,4.6783610966369995,4.42330270152,4.560846631705,5.887070594442,3.790828839932,4.689659331096,5.0047625858860005,4.673249182834001,5.342235049818,5.895799892413001,3.889571089498,86.12710545346
pp57,6.455909056886,6.218402952603,5.347016818315,5.920603409506,6.227306948742,6.786750557639,6.89337527882,4.907473294712,6.219658287619,6.4463043407819995,6.225200855742,5.9022133976669995,6.442801315315,6.316225260589,6.310936046165,6.772840513158999,6.118051331895,6.431012076570999,111.9420817427
pp58,5.020562296024,4.902272454576,5.4496661956559995,5.337421859501999,4.262066574061,5.095991368018,6.560574956846,4.677403775482,5.03324276401,6.452345629847,6.094123176766,3.8180112792400003,4.396176767423,5.120570349078,4.901836352350999,6.002196923935,6.3275557640789994,4.142208638863,93.59422712576
pp59,5.457449139384,5.656638538032,5.78588373141,6.325583870235,6.452391736367,4.76671741192,5.906409782932,5.206018569988,4.899416567885,6.4384816918870005,5.24839458568,6.213901746037,4.980223590513,5.439850195419,5.873288241093,6.214987631041,6.547227218803,5.655442023188,103.0683062718
pp6,4.013980459531,3.689262060016,3.5548270071670003,4.437691790273,3.438885661114,4.227998850913,2.768245967145,4.674564731784,3.355508561879,3.239458815516,4.643525093313,2.234234890222,4.139897096422,5.228023803019,5.122232968653,5.545453980235,4.790534398962,4.016865286124,73.12119142229
pp60,5.123747159549,5.119148491786,5.332105721169,5.884358759084,5.760158567429,5.110412371895,5.791127882466,4.199399235509,3.664950632066,6.1186581726260005,4.602774377267,5.227313295466,3.800819070739,4.121861615639,4.894606021572001,5.633350701296,6.224299007759,4.990898004351,91.59998908767
pp61,4.687290166172,4.78969137115,5.002546601576,4.883770013622,4.337346867711,5.24441686358,4.34955173053,5.128731615811001,4.252135283988,4.021187770272,5.466780476994,3.933345879044,4.807001699529,5.659268723303,4.887377974954999,5.895507679435,5.6583512527929996,4.440140514641,87.44444248510999
pp62,4.975199126911,4.975199126911,5.082626151001,5.528795431176,4.63896451902,5.226008312706,4.6604611441529995,4.459324372274,4.007674419644,5.210828638159,5.417954563269,4.652104393589999,4.458244744147001,5.990195056395001,5.893114649746,5.649441146669,6.00049031916,5.319592581875,92.14621869679999
pp63,4.996680785663,4.768027322844,4.779065613354,5.102780356049999,4.318708694355,5.135665633515,5.440576616866,4.9728401180479995,3.672610758198,5.3444155729450005,5.977889617733,3.898664493244,4.113378031313,5.986600045451,5.419857046234,5.874917921253,6.116971338621999,5.198169163371,91.11781912906
pp64,5.776881090714,6.001919771819,4.6846346383910005,6.006892342498,5.545147754264,5.896524504897,3.572166089409,5.023296281317,4.322186091451,4.126648173412,4.790968370692999,5.1131968641870005,4.889416284336,5.650551142447,6.104864006142,6.190680324839,6.321510353264999,5.103007402134,95.12049148622
pp65,5.553960180938001,5.656361385916,5.304696421817001,5.357109919971,4.97932105863,5.793234809163,5.559781604813,4.708572634348,4.485767332991999,5.756428618114,4.397643849421,4.214118160808001,4.119674891222,6.665413489069,6.5484421504479995,5.77573522015,6.337095956862,5.410824932106,96.62418261679
pp66,6.117805225435999,5.772872097064,5.446154341549,6.559182979824,5.990028534118,6.23299173061,5.31809326172,4.345775725459,4.011391967664,5.317190086262,5.442689143055,6.003311748841,5.861150090519,6.092170465532,5.9847118575369995,6.651471860684,5.888057246729,6.417904335,103.4529526976
pp67,5.7660889066620005,5.430008419752999,4.429302224069,6.52809248322,5.859949453926,6.346341628437,6.195292161246,4.9470001959409995,5.001676365533,5.848865056896,5.409627879015,6.3158269269069995,4.2435288712190005,6.2234460605690005,6.442555208856,6.198730663393,5.6629169826800005,6.655869174537,103.5051186629
pp69,3.4608315215319996,3.329555926495,3.564857519111,3.3494079050880003,2.783746565471,3.5709695745650003,2.669960924391,3.882367832331,4.117949332939,3.13671004337,5.447633149994,2.328953851088,4.870754806622,5.905234932614,5.438324417279,4.019180614541,5.11025131603,3.9706766319780002,70.95736686544
pp7,5.560869813828,5.444700778115999,5.222613755155,5.873631808747,5.225718446938,6.666215791979001,5.2269019169129995,5.546426709239,5.799611264099999,5.124739996472,6.110304026215,5.228492643692,5.438627905146,5.550735825183,5.453655418535,6.113581586999,5.687218944706,5.214921215503,100.48896784749999
pp70,4.676000197464,4.767795511437,5.5363164011679995,5.781609448691,5.881976130262,4.634172993232,6.112334427874,5.205057007906,3.8952105944609996,6.439042426098,5.361180176642,4.778188235398,4.581904388374,4.431287873178,4.120371787904,5.77170250613,6.544122527019999,3.227793146154,91.74606577939001
pp71,5.036471696506,4.910647716421,5.019090210464,5.2436606671909995,4.701291389714,5.145941835906,6.135848382042,5.501228269056,5.125016911852,5.600712079346001,6.022298030822,4.148764783182,5.233449110356,5.352777667685,5.256499563945001,5.897874591629,6.009788527234,4.820198272951,95.1615597063
pp72,5.0175140063,5.2348369656300004,5.232107425406,5.783641744106999,5.140856322602,4.6892949994310005,4.805215510571999,5.458407829801,3.6749293733229997,5.247182939072,5.69121042361,5.11103098591,5.567088148272,5.87133552986,5.537041231908001,6.113712525857,6.225626461461,4.789249990092,95.19028241321
pp73,5.564745224616,5.564745224616,5.449267861973,5.778238879679,5.4338638415139995,5.131158535218001,5.456638122336,4.757990310795,5.559752344919,5.870165132508999,5.690296052097,5.545383565184,5.021057444313,5.9898975952599995,5.6588745113679995,5.879302711576,5.772543052025,5.533250758785,99.65717116879
pp74,4.858163264969,4.7417816004599995,5.410809871244,5.1883979249909995,4.762279373165,5.232515706502,5.416414480769999,5.206782795291,4.927474237747,5.645901830404,5.550390514042,4.734053477391,4.880294999406,4.806018229494,5.321114663586,5.645503496721,5.5272711199349995,4.6612804407479995,92.51644802685999
pp76,5.7835438668990005,5.880655857453,5.997627196074999,5.8814079320940005,4.680477644594,6.112580534331999,6.103268031207,5.058298193427,6.101218446938001,6.321574876586,5.374568357908,5.104810007463,4.929114024864,6.421467762039001,6.213163966448,6.3158269269069995,6.4395301012549995,6.549244453357,105.2683781798
pp77,5.209202205726,5.088667440066,4.667016617143,5.874615694795,5.201464389169,3.9920633114509996,5.004332696052,5.07804760171,4.008585124403,5.527547465636,5.56363354211,5.7510021181079996,5.3198675044609995,5.526402401488,5.313152959127001,5.451284384592,5.5633170206,5.333329159923,93.47353163656001
pp78,4.87769032027,4.87769032027,4.458438728581,5.327075242061,5.08044162836,5.671664802779,5.537560272714,5.021911333808999,5.995659423979,5.534563689873,6.10800163734,4.6483242160069995,5.311916912049,5.294185511629,5.746893769506,5.9763956417549995,5.977379527803,4.645456263792999,96.09124924258
pp79,5.338011533615,5.445438557705,5.44270678949,5.994030707386,6.443539094904,5.14255533201,5.911662648127001,5.5428632822,3.681692215726,6.433061538605,5.552349145141,5.783885956809,4.4473411629060005,4.220006202913,5.103907582251,5.315643059608,6.343450747273,4.874397050494,97.01654260716
pp8,5.331921494027,5.0934315036969995,4.5662707845,5.868968617665,4.314384305603999,5.103896536466,3.904109410049,5.2367653819890005,2.444644968934,4.4342218264560005,5.881101424064,4.770188853482,4.798336118463,5.883932963244,5.228128312026,6.204246801665,5.665413489069,5.111778231423,89.84174102282
pp80,5.578474224205,5.340968119923,5.006563192131,5.462801399384,4.895433142636,5.888117648301,5.035982958746,4.723864898559,5.577884550092,5.0196251185489995,5.475837757401,5.221149845486,5.017020439412,5.764302717705,5.560597589876,5.781887139055,5.573306191347,5.1167006960690005,96.04051762888
pp81,6.345241864394,6.3462257504420005,5.890135648665,6.559985282733,5.87914871283,6.126690806314,5.782823376163,4.973801680129,5.4799702566290005,5.9965787867069995,6.01850031046,5.987726145244,6.028421357952,6.1049346394479995,5.896974411512,6.559985282733,5.993990294840001,6.330135305069,108.3012699123
pp83,5.904574843451,5.880661749184,6.4347873259899995,6.124322416375,5.880661749184,5.78477785738,6.448303158535,4.790506197016,4.583894255252,6.554927879716,5.576455191534,5.780160129242001,4.587847800231,5.149280983100001,5.239144938009,6.108362909861,6.555911765764,5.684054657766,103.0686358076
pp84,5.671007317767,6.002030401659001,5.443720329917,5.574995924953,5.430726210316,5.256499859395,6.4533605615530005,4.940636983919,5.004777230737,6.452952470578,5.691242007516,5.662548888239,4.589011375661,4.811206159438,5.675066955697,6.098818595329,6.224888681872001,5.016994937359,100.0004848919
pp85,5.46260741495,5.676659160221,5.679137022247,6.437562329159,5.758483008312,6.22802631307,4.905091280105,4.151363936246,3.909717722381,5.997074997598,5.364374791014,5.12394738705,4.591822728058,4.798509500972,4.899895235996,6.655410439281999,6.437285177043,4.580059379245,96.65702782295
pp86,4.8853881080770005,4.67001785998,4.349522976668,5.451393327703999,5.11376441878,5.789292942986,4.787543167061,4.839573171851,4.012612657087,4.902218226795,5.1814250696599995,5.220889765506,4.224030162943,5.6648692779009995,5.893981475975,5.2078459343570005,6.000833886815,5.115466487333,91.31066891748
pp89,4.884453792196667,4.485563013808889,5.127009245046667,5.12652620864,4.489777697866667,3.6580410045255554,4.918334883038889,4.816558572752222,3.147588980292222,5.629703981392222,5.87825026421,5.100770954485556,4.028725033822223,6.1110515585466665,5.744233728348889,5.0087603312811115,6.241914032934444,5.497602828911111,89.8948661121
